Source_IP,Destination_IP,Timestamp,Protocol,Total_Packets,Label
172.22.78.28,219.187.29.255,13/06/2026 08:00:32,ICMP,11028,Brute Force
172.31.118.104,200.38.66.153,2026-06-13 08:00:56,TCP,178,Benign
10.122.34.144,10.211.156.60,2026-06-13 08:01:34,TCP,41961,Port Scan
10.94.203.245,171.5.237.152,2026-06-13 08:01:58,TCP,39784,DoS
192.168.78.253,204.98.57.12,2026-06-13 08:02:40,ICMP,3699,Botnet
10.192.40.59,192.168.56.68,2026-06-13 08:03:37,ICMP,108,Benign
192.168.7.142,10.41.234.231,2026-06-13 08:04:31,ICMP,20798,DoS
192.168.122.46,10.248.166.17,2026-06-13 08:05:06,ICMP,31,Benign
10.102.197.168,10.47.166.30,2026-06-13 08:05:21,ICMP,74,Benign
10.180.80.111,208.161.185.127,2026-06-13 08:05:46,UDP,500,Benign
10.253.108.176,58.172.115.109,13/06/2026 08:06:16,TCP,21913,Brute Force
172.26.10.66,10.151.24.183,2026-06-13 08:06:36,TCP,4316,Botnet
144.44.221.62,182.147.106.17,2026-06-13 08:06:59,UDP,17270,DoS
200.9.135.33,134.118.116.45,2026-06-13 08:07:59,ICMP,370,Benign
192.168.113.110,172.30.67.202,2026-06-13 08:08:24,UDP,451,Benign
10.250.38.224,205.24.233.48,2026-06-13 08:08:48,ICMP,235,Benign
10.184.20.63,192.168.131.184,2026-06-13 08:09:08,UDP,306,Benign
192.168.243.28,172.27.172.180,2026-06-13 08:10:06,TCP,221,Benign
192.168.152.74,161.173.186.140,2026-06-13 08:10:19,UDP,24,Benign
172.26.211.231,192.168.241.16,2026-06-13 08:10:49,TCP,198,Benign
10.54.240.29,202.60.71.180,13/06/2026 08:11:26,ICMP,349,Benign
10.240.84.203,172.18.203.35,2026-06-13 08:12:10,ICMP,481,Benign
192.168.185.65,134.205.6.77,2026-06-13 08:12:38,UDP,257,Benign
192.168.4.37,140.200.177.162,2026-06-13 08:12:45,UDP,266,Benign
10.20.47.50,172.31.178.245,2026-06-13 08:13:19,TCP,26752,Botnet
192.168.217.39,163.58.13.170,2026-06-13 08:14:03,ICMP,425,Benign
172.23.235.158,192.168.150.69,2026-06-13 08:14:40,UDP,170,Benign
10.4.20.137,185.115.132.94,2026-06-13 08:15:28,ICMP,447,Benign
172.16.101.72,192.168.227.71,2026-06-13 08:16:17,ICMP,27,Benign
172.24.223.213,10.155.182.54,2026-06-13 08:16:59,TCP,38523,Port Scan
172.16.4.175,192.168.125.129,13/06/2026 08:17:48,TCP,28063,DoS
172.25.104.221,95.196.70.141,2026-06-13 08:18:37,UDP,447,Benign
172.18.84.155,62.195.50.182,2026-06-13 08:19:36,ICMP,107,Benign
172.26.155.153,128.208.226.217,2026-06-13 08:20:16,UDP,12349,Brute Force
211.136.166.106,192.168.204.154,2026-06-13 08:20:50,ICMP,48246,Port Scan
192.168.194.168,200.152.185.85,2026-06-13 08:21:38,TCP,491,Benign
10.152.195.8,172.28.147.239,2026-06-13 08:21:58,UDP,361,Benign
10.105.216.164,192.168.13.199,2026-06-13 08:22:16,ICMP,479,Benign
192.168.68.99,192.168.48.193,2026-06-13 08:23:11,UDP,23618,Botnet
172.27.147.189,10.122.34.144,2026-06-13 08:24:05,UDP,474,Benign
172.16.165.191,172.20.175.238,13/06/2026 08:24:38,ICMP,46624,Port Scan
172.31.81.57,192.168.42.76,2026-06-13 08:25:00,ICMP,120,Benign
10.143.141.13,18.102.203.129,2026-06-13 08:25:08,TCP,349,Benign
172.24.125.228,10.51.181.4,2026-06-13 08:26:02,UDP,334,Benign
10.151.15.43,10.164.253.217,2026-06-13 08:26:19,TCP,334,Benign
172.25.153.147,203.193.130.37,2026-06-13 08:27:00,TCP,214,Benign
192.168.161.251,217.121.3.130,2026-06-13 08:27:58,UDP,404,Benign
192.168.111.211,134.99.68.233,2026-06-13 08:28:34,TCP,153,Benign
172.24.191.24,192.168.32.175,2026-06-13 08:29:15,TCP,34044,DoS
10.165.132.36,10.53.158.133,2026-06-13 08:29:49,ICMP,132,Benign
10.78.246.12,25.76.83.139,13/06/2026 08:30:39,ICMP,346,Benign
192.168.33.217,165.0.217.42,2026-06-13 08:31:32,ICMP,22491,Port Scan
172.20.12.247,172.27.172.241,2026-06-13 08:31:42,UDP,22207,Brute Force
172.16.20.66,10.166.108.228,2026-06-13 08:32:02,UDP,20788,Port Scan
10.161.29.117,172.21.66.99,2026-06-13 08:32:44,ICMP,16486,Botnet
10.203.128.215,192.168.33.217,2026-06-13 08:32:52,ICMP,258,Benign
10.78.213.77,179.10.58.57,2026-06-13 08:33:42,UDP,189,Benign
192.168.238.53,10.171.231.90,2026-06-13 08:34:26,ICMP,40697,DoS
10.40.108.203,72.219.116.93,2026-06-13 08:34:54,ICMP,423,Benign
192.168.124.86,201.80.140.118,2026-06-13 08:35:12,ICMP,361,Benign
192.168.18.201,10.86.83.126,13/06/2026 08:35:40,TCP,38532,DoS
172.31.59.111,171.18.191.178,2026-06-13 08:36:19,UDP,60,Benign
10.105.216.164,172.26.207.139,2026-06-13 08:37:07,UDP,415,Benign
192.168.91.211,172.28.33.245,2026-06-13 08:37:15,ICMP,237,Benign
172.21.72.184,172.16.53.60,2026-06-13 08:38:03,ICMP,112,Benign
10.201.232.105,10.2.214.197,2026-06-13 08:38:45,ICMP,31,Benign
218.247.149.167,172.25.243.136,2026-06-13 08:38:54,UDP,93,Benign
10.192.167.24,172.18.250.161,2026-06-13 08:39:48,UDP,25739,Brute Force
172.30.180.205,89.157.179.29,2026-06-13 08:40:17,UDP,61,Benign
152.175.144.2,172.28.41.9,2026-06-13 08:40:33,ICMP,115,Benign
192.168.102.253,192.86.191.114,13/06/2026 08:41:31,UDP,45138,Brute Force
192.168.136.225,196.170.200.11,2026-06-13 08:42:22,TCP,31187,Port Scan
172.27.67.28,67.192.220.205,2026-06-13 08:42:49,ICMP,8395,Brute Force
10.12.61.247,94.228.37.11,2026-06-13 08:42:56,TCP,16772,DoS
192.168.160.144,10.90.166.155,2026-06-13 08:43:14,TCP,380,Benign
172.22.221.194,200.185.156.94,2026-06-13 08:43:21,TCP,72,Benign
219.121.164.109,10.180.80.111,2026-06-13 08:43:58,ICMP,307,Benign
10.38.14.162,172.30.252.146,2026-06-13 08:44:52,ICMP,267,Benign
192.168.70.98,10.217.24.118,2026-06-13 08:45:11,ICMP,348,Benign
10.181.21.93,212.46.84.21,2026-06-13 08:45:43,ICMP,344,Benign
172.31.178.245,168.57.210.240,13/06/2026 08:46:12,UDP,77,Benign
192.168.34.79,10.254.187.98,2026-06-13 08:46:36,UDP,440,Benign
172.31.181.217,132.13.178.160,2026-06-13 08:47:26,ICMP,212,Benign
172.21.14.34,192.168.55.9,2026-06-13 08:47:57,TCP,170,Benign
10.223.173.54,176.101.65.60,2026-06-13 08:48:43,TCP,275,Benign
10.204.3.187,172.23.209.45,2026-06-13 08:49:34,TCP,97,Benign
192.168.10.105,172.26.157.135,2026-06-13 08:50:30,UDP,2004,Brute Force
192.142.85.196,192.179.12.57,2026-06-13 08:50:48,TCP,383,Benign
10.155.182.54,183.244.87.188,2026-06-13 08:51:41,ICMP,105,Benign
152.161.209.137,17.191.1.113,2026-06-13 08:52:11,UDP,195,Benign
172.19.174.199,172.21.66.99,13/06/2026 08:52:45,ICMP,33589,DoS
192.168.31.57,42.11.25.28,2026-06-13 08:53:19,UDP,469,Benign
10.214.183.146,172.22.98.14,2026-06-13 08:53:37,ICMP,75,Benign
192.168.188.142,172.20.207.219,2026-06-13 08:53:43,UDP,118,Benign
192.168.14.134,192.168.78.253,2026-06-13 08:54:12,UDP,391,Benign
10.4.85.91,192.168.214.43,2026-06-13 08:55:09,TCP,10172,Brute Force
172.23.23.30,192.79.221.225,2026-06-13 08:56:00,ICMP,43061,DoS
192.168.201.189,95.119.41.4,2026-06-13 08:56:08,ICMP,25,Benign
192.168.25.28,145.205.83.147,2026-06-13 08:57:01,TCP,5454,Brute Force
10.53.19.110,56.59.153.46,2026-06-13 08:57:51,UDP,4961,Brute Force
172.28.232.135,161.66.227.223,13/06/2026 08:58:35,TCP,4,Benign
192.168.234.238,10.211.156.60,2026-06-13 08:59:14,ICMP,19788,DoS
10.207.12.127,156.173.165.178,2026-06-13 08:59:20,TCP,55,Benign
192.168.65.181,10.160.28.43,2026-06-13 08:59:31,UDP,137,Benign
192.168.58.121,30.78.97.207,2026-06-13 09:00:26,UDP,290,Benign
159.212.247.2,10.55.88.184,2026-06-13 09:00:46,ICMP,43591,DoS
192.168.33.217,10.51.181.4,2026-06-13 09:01:39,TCP,327,Benign
192.168.177.196,10.227.9.110,2026-06-13 09:01:44,ICMP,22710,Brute Force
200.105.27.84,128.2.199.215,2026-06-13 09:02:25,ICMP,3788,Brute Force
172.19.52.223,192.168.201.189,2026-06-13 09:02:44,ICMP,474,Benign
10.29.241.133,172.31.233.178,13/06/2026 09:03:06,TCP,14576,DoS
192.168.145.225,25.191.68.55,2026-06-13 09:03:48,UDP,84,Benign
172.27.136.175,207.166.80.86,2026-06-13 09:04:29,ICMP,170,Benign
10.20.47.50,131.121.62.189,2026-06-13 09:04:58,ICMP,371,Benign
172.20.91.33,192.168.125.215,2026-06-13 09:05:08,TCP,430,Benign
10.196.159.212,26.159.133.13,2026-06-13 09:05:17,UDP,2941,DoS
192.168.162.114,192.168.113.43,2026-06-13 09:06:02,ICMP,25603,DoS
172.24.223.213,10.35.86.122,2026-06-13 09:06:34,TCP,366,Benign
192.168.10.239,192.168.10.239,2026-06-13 09:06:43,ICMP,200,Benign
192.168.188.240,10.213.64.132,2026-06-13 09:07:08,UDP,185,Benign
192.168.73.70,172.23.254.202,13/06/2026 09:08:01,UDP,286,Benign
192.168.149.31,10.181.195.183,2026-06-13 09:08:41,ICMP,7099,Botnet
10.49.80.13,195.228.125.39,2026-06-13 09:09:24,TCP,150,Benign
172.29.239.130,201.207.100.171,2026-06-13 09:09:55,ICMP,464,Benign
192.168.142.160,78.49.26.206,2026-06-13 09:10:15,TCP,72,Benign
10.191.155.11,10.168.199.91,2026-06-13 09:10:37,UDP,142,Benign
172.18.158.249,10.213.74.220,2026-06-13 09:11:08,ICMP,41962,DoS
172.28.94.187,172.28.79.104,2026-06-13 09:11:44,UDP,4,Benign
172.24.223.213,98.85.251.122,2026-06-13 09:12:14,UDP,29850,DoS
172.28.52.34,192.168.19.83,2026-06-13 09:12:40,UDP,161,Benign
204.217.191.120,7.240.123.5,13/06/2026 09:12:56,UDP,49160,Port Scan
10.155.182.54,10.239.160.107,2026-06-13 09:13:45,UDP,187,Benign
29.24.65.41,172.17.90.138,2026-06-13 09:13:57,ICMP,394,Benign
10.209.141.33,76.137.250.54,2026-06-13 09:14:37,TCP,29734,Port Scan
192.168.77.57,89.37.55.87,2026-06-13 09:15:33,UDP,345,Benign
192.168.28.230,192.168.10.239,2026-06-13 09:16:09,ICMP,28730,Port Scan
172.28.168.184,121.134.78.40,2026-06-13 09:17:04,UDP,299,Benign
172.22.64.230,221.67.87.83,2026-06-13 09:17:34,UDP,360,Benign
192.168.138.72,172.17.234.206,2026-06-13 09:18:30,ICMP,341,Benign
172.30.35.132,2.126.45.43,2026-06-13 09:18:57,ICMP,347,Benign
10.203.237.116,136.157.224.88,13/06/2026 09:19:43,UDP,55,Benign
10.158.194.68,131.27.204.20,2026-06-13 09:19:48,ICMP,286,Benign
192.168.234.84,10.227.223.206,2026-06-13 09:20:30,UDP,396,Benign
192.168.93.187,10.30.36.179,2026-06-13 09:21:18,UDP,54,Benign
192.168.238.3,192.168.187.81,2026-06-13 09:21:41,UDP,160,Benign
172.19.72.106,197.238.133.183,2026-06-13 09:22:07,UDP,32205,Brute Force
10.200.127.251,172.22.8.8,2026-06-13 09:22:18,TCP,47581,Botnet
10.222.141.227,194.181.116.142,2026-06-13 09:22:30,ICMP,11771,Port Scan
10.25.122.120,205.6.237.7,2026-06-13 09:23:22,UDP,287,Benign
117.38.69.165,10.200.13.245,2026-06-13 09:23:54,ICMP,95,Benign
10.190.150.53,192.168.43.96,13/06/2026 09:24:10,UDP,39810,DoS
10.255.233.157,172.22.56.208,2026-06-13 09:24:42,ICMP,53,Benign
192.168.229.214,172.28.138.235,2026-06-13 09:25:38,UDP,59,Benign
192.168.10.68,197.172.182.115,2026-06-13 09:25:59,ICMP,161,Benign
172.31.73.82,196.254.50.79,2026-06-13 09:26:42,UDP,181,Benign
10.15.178.73,149.241.102.11,2026-06-13 09:27:41,ICMP,20493,DoS
172.21.14.34,172.27.206.30,2026-06-13 09:28:25,UDP,60,Benign
192.168.102.206,136.137.42.1,2026-06-13 09:28:41,UDP,306,Benign
192.168.48.239,192.168.192.156,2026-06-13 09:28:54,ICMP,86,Benign
192.168.165.123,192.168.182.177,2026-06-13 09:29:30,ICMP,4513,Botnet
192.168.236.173,192.168.171.87,13/06/2026 09:30:30,UDP,494,Benign
192.168.152.251,172.25.171.44,2026-06-13 09:31:10,UDP,364,Benign
10.168.199.91,10.248.165.244,2026-06-13 09:32:08,TCP,150,Benign
192.168.241.16,172.28.2.216,2026-06-13 09:32:15,ICMP,49661,DoS
192.168.175.122,192.168.255.58,2026-06-13 09:33:09,UDP,397,Benign
10.59.224.186,116.200.89.35,2026-06-13 09:33:48,TCP,390,Benign
10.53.19.110,206.130.227.169,2026-06-13 09:34:39,TCP,377,Benign
192.168.148.79,172.31.146.207,2026-06-13 09:35:37,UDP,135,Benign
172.30.222.228,10.78.213.77,2026-06-13 09:36:04,TCP,108,Benign
172.20.238.189,203.91.209.225,2026-06-13 09:37:00,ICMP,324,Benign
192.168.70.7,82.152.218.189,13/06/2026 09:37:32,TCP,4890,Port Scan
10.169.79.109,212.62.216.199,2026-06-13 09:38:13,TCP,166,Benign
172.26.10.66,200.182.20.136,2026-06-13 09:39:03,ICMP,461,Benign
172.28.79.104,206.148.60.178,2026-06-13 09:39:51,UDP,4885,Port Scan
192.168.41.31,219.69.136.55,2026-06-13 09:40:13,TCP,128,Benign
192.168.148.79,221.91.250.173,2026-06-13 09:40:27,ICMP,202,Benign
172.23.227.124,203.25.38.82,2026-06-13 09:41:03,UDP,232,Benign
172.19.220.105,10.90.0.250,2026-06-13 09:41:12,ICMP,480,Benign
10.83.104.153,10.214.203.77,2026-06-13 09:41:40,ICMP,7104,Botnet
161.180.26.97,100.6.202.213,2026-06-13 09:42:31,ICMP,184,Benign
172.23.240.251,172.23.241.104,13/06/2026 09:43:30,TCP,33421,Brute Force
172.18.198.142,172.25.99.68,2026-06-13 09:43:52,ICMP,437,Benign
10.90.166.155,192.168.47.171,2026-06-13 09:44:28,TCP,64,Benign
10.224.94.99,172.19.214.84,2026-06-13 09:45:27,TCP,353,Benign
192.168.24.236,10.115.139.59,2026-06-13 09:45:40,TCP,336,Benign
10.140.185.133,216.139.22.0,2026-06-13 09:46:08,ICMP,85,Benign
192.168.253.194,9.0.147.16,2026-06-13 09:46:16,TCP,29130,Brute Force
10.184.197.103,172.31.137.233,2026-06-13 09:47:02,TCP,68,Benign
10.252.5.36,172.18.118.35,2026-06-13 09:47:44,TCP,28676,Port Scan
192.168.10.0,172.24.215.49,2026-06-13 09:48:33,ICMP,413,Benign
172.28.110.74,25.113.202.161,13/06/2026 09:48:44,TCP,26082,Brute Force
172.30.180.205,34.17.78.203,2026-06-13 09:49:38,ICMP,10362,DoS
172.24.139.21,161.163.194.19,2026-06-13 09:49:47,TCP,29842,DoS
172.27.219.97,192.142.91.13,2026-06-13 09:50:14,ICMP,45994,DoS
10.44.95.20,201.142.56.78,2026-06-13 09:50:47,TCP,9071,DoS
172.18.93.236,50.104.171.247,2026-06-13 09:51:29,UDP,406,Benign
172.27.151.11,172.24.139.55,2026-06-13 09:51:42,ICMP,14,Benign
10.17.48.232,10.156.187.30,2026-06-13 09:52:41,TCP,383,Benign
172.19.179.94,201.134.189.152,2026-06-13 09:53:11,TCP,33432,Port Scan
10.132.110.3,148.2.133.211,2026-06-13 09:53:40,TCP,271,Benign
216.10.252.142,60.91.40.124,13/06/2026 09:53:45,TCP,26351,DoS
192.168.53.56,10.15.178.73,2026-06-13 09:54:45,UDP,489,Benign
192.168.248.29,10.0.205.10,2026-06-13 09:55:39,TCP,473,Benign
6.241.34.65,192.168.157.21,2026-06-13 09:55:47,ICMP,365,Benign
10.201.232.105,205.146.94.97,2026-06-13 09:56:24,TCP,328,Benign
172.27.193.53,172.18.245.119,2026-06-13 09:57:03,TCP,262,Benign
199.150.158.118,192.168.41.70,2026-06-13 09:57:21,UDP,301,Benign
172.29.167.220,192.168.125.215,2026-06-13 09:58:06,ICMP,489,Benign
192.168.47.213,10.169.192.232,2026-06-13 09:59:05,TCP,233,Benign
10.40.123.235,132.196.25.153,2026-06-13 09:59:49,ICMP,380,Benign
192.168.25.28,12.244.111.197,13/06/2026 10:00:05,TCP,255,Benign
192.168.20.156,192.168.41.31,2026-06-13 10:00:32,ICMP,18613,DoS
172.30.205.217,172.23.241.104,2026-06-13 10:01:23,UDP,269,Benign
172.18.158.249,192.168.175.122,2026-06-13 10:01:32,UDP,29,Benign
10.190.203.145,192.168.55.9,2026-06-13 10:02:08,TCP,458,Benign
192.168.14.199,192.168.159.202,2026-06-13 10:02:49,TCP,23,Benign
192.168.47.213,172.19.165.132,2026-06-13 10:03:48,UDP,472,Benign
10.126.15.240,145.220.249.154,2026-06-13 10:04:02,ICMP,380,Benign
192.168.111.252,192.168.30.18,2026-06-13 10:04:48,UDP,423,Benign
192.168.69.228,213.38.84.66,2026-06-13 10:04:57,TCP,92,Benign
10.186.179.154,192.96.92.125,13/06/2026 10:05:16,TCP,450,Benign
172.17.67.249,172.29.63.165,2026-06-13 10:05:50,TCP,25177,Brute Force
192.168.164.46,137.232.86.40,2026-06-13 10:06:07,TCP,31403,DoS
192.168.144.187,84.165.248.107,2026-06-13 10:06:35,TCP,376,Benign
192.168.172.220,172.18.11.61,2026-06-13 10:07:14,TCP,120,Benign
192.168.236.173,217.163.15.110,2026-06-13 10:07:53,TCP,389,Benign
192.168.115.96,10.252.240.113,2026-06-13 10:08:40,UDP,252,Benign
165.186.183.244,172.31.206.33,2026-06-13 10:08:48,TCP,3877,Botnet
10.241.139.32,26.43.230.165,2026-06-13 10:09:07,UDP,235,Benign
172.20.12.247,213.226.65.115,2026-06-13 10:09:59,ICMP,420,Benign
172.18.84.155,172.25.99.68,13/06/2026 10:10:29,TCP,150,Benign
10.52.113.85,213.25.144.37,2026-06-13 10:10:50,ICMP,168,Benign
192.168.60.75,172.27.168.87,2026-06-13 10:11:15,TCP,400,Benign
10.119.75.154,10.165.44.63,2026-06-13 10:12:09,UDP,161,Benign
172.19.31.186,188.232.202.232,2026-06-13 10:12:40,TCP,232,Benign
10.212.115.85,172.23.18.200,2026-06-13 10:13:04,ICMP,357,Benign
172.31.59.111,172.17.234.206,2026-06-13 10:13:47,UDP,203,Benign
192.168.217.39,192.168.43.127,2026-06-13 10:14:24,TCP,488,Benign
192.168.176.212,10.135.127.178,2026-06-13 10:14:54,TCP,63,Benign
172.31.38.23,172.18.69.186,2026-06-13 10:14:59,UDP,352,Benign
97.180.242.215,192.168.20.156,13/06/2026 10:15:44,TCP,12,Benign
10.162.209.119,219.139.167.227,2026-06-13 10:15:53,TCP,464,Benign
10.203.237.116,172.19.61.129,2026-06-13 10:16:52,TCP,87,Benign
192.168.179.206,172.18.250.161,2026-06-13 10:17:33,ICMP,219,Benign
192.168.165.123,10.112.7.185,2026-06-13 10:17:49,TCP,3270,DoS
192.168.14.134,158.100.15.101,2026-06-13 10:18:33,UDP,211,Benign
192.168.172.60,192.168.25.28,2026-06-13 10:19:13,UDP,103,Benign
172.26.0.173,193.4.129.235,2026-06-13 10:19:59,ICMP,407,Benign
60.133.207.232,5.243.91.167,2026-06-13 10:20:05,UDP,246,Benign
172.31.221.157,52.138.59.99,2026-06-13 10:20:44,ICMP,165,Benign
192.168.242.1,192.168.170.63,13/06/2026 10:21:13,TCP,459,Benign
192.168.154.22,168.58.12.41,2026-06-13 10:22:09,UDP,35696,Port Scan
172.24.235.6,146.25.222.204,2026-06-13 10:22:36,TCP,127,Benign
172.26.144.255,6.255.234.0,2026-06-13 10:23:23,TCP,295,Benign
195.200.64.17,172.27.215.121,2026-06-13 10:24:22,TCP,122,Benign
192.168.163.72,140.82.31.126,2026-06-13 10:25:04,TCP,47101,Brute Force
192.168.84.63,179.18.19.57,2026-06-13 10:25:53,TCP,429,Benign
192.168.203.87,12.15.3.86,2026-06-13 10:26:49,TCP,33141,DoS
172.24.235.6,214.210.84.166,2026-06-13 10:26:56,TCP,270,Benign
172.20.49.141,211.83.94.83,2026-06-13 10:27:31,UDP,47985,DoS
59.218.239.124,193.36.236.250,13/06/2026 10:27:47,UDP,31,Benign
192.168.187.81,200.24.82.177,2026-06-13 10:27:53,ICMP,24913,Brute Force
172.30.40.2,177.54.93.92,2026-06-13 10:28:02,UDP,155,Benign
10.121.210.43,75.100.57.59,2026-06-13 10:28:27,UDP,42894,DoS
192.168.43.127,183.72.223.124,2026-06-13 10:29:03,ICMP,356,Benign
172.17.135.156,156.223.62.45,2026-06-13 10:29:47,TCP,194,Benign
172.18.10.82,172.18.255.141,2026-06-13 10:30:11,ICMP,486,Benign
172.31.146.207,192.168.172.213,2026-06-13 10:30:52,ICMP,114,Benign
172.16.208.135,10.20.156.182,2026-06-13 10:31:37,TCP,178,Benign
10.132.70.196,218.31.251.204,2026-06-13 10:32:02,ICMP,328,Benign
192.168.169.217,172.27.255.72,13/06/2026 10:32:53,TCP,355,Benign
172.16.211.226,113.228.148.149,2026-06-13 10:33:02,TCP,198,Benign
10.47.187.219,210.6.10.214,2026-06-13 10:33:35,UDP,25819,Brute Force
192.168.50.206,204.148.169.198,2026-06-13 10:34:02,ICMP,334,Benign
192.168.232.77,192.168.160.144,2026-06-13 10:34:55,UDP,2315,Botnet
172.22.84.136,10.13.113.36,2026-06-13 10:35:20,UDP,83,Benign
172.19.220.105,10.81.100.214,2026-06-13 10:36:11,ICMP,16,Benign
169.27.43.178,10.169.192.232,2026-06-13 10:36:43,TCP,4509,DoS
192.168.46.59,10.214.106.95,2026-06-13 10:36:54,ICMP,145,Benign
172.23.240.252,172.25.198.83,2026-06-13 10:37:18,TCP,28,Benign
192.168.172.60,192.168.116.182,13/06/2026 10:37:46,TCP,50,Benign
192.168.105.42,164.210.85.30,2026-06-13 10:37:52,UDP,433,Benign
172.23.240.251,192.168.56.68,2026-06-13 10:38:04,TCP,329,Benign
192.168.227.64,222.1.113.104,2026-06-13 10:38:43,UDP,13227,Botnet
192.168.248.39,172.21.198.76,2026-06-13 10:39:16,UDP,37978,Botnet
10.240.84.203,172.31.221.157,2026-06-13 10:39:24,ICMP,212,Benign
10.171.157.203,129.248.240.230,2026-06-13 10:40:17,ICMP,215,Benign
192.168.214.213,142.18.71.179,2026-06-13 10:40:56,TCP,244,Benign
192.168.120.108,50.224.237.92,2026-06-13 10:41:20,ICMP,410,Benign
192.168.113.87,172.28.168.184,2026-06-13 10:42:01,TCP,486,Benign
219.240.175.100,41.12.68.255,13/06/2026 10:42:16,TCP,22,Benign
192.168.202.61,10.237.180.121,2026-06-13 10:42:48,ICMP,133,Benign
89.56.162.112,204.174.86.253,2026-06-13 10:43:13,TCP,6703,Brute Force
172.30.176.28,150.1.170.88,2026-06-13 10:43:42,ICMP,235,Benign
192.168.4.233,192.168.232.67,2026-06-13 10:44:42,TCP,291,Benign
192.168.226.172,114.71.127.4,2026-06-13 10:45:24,ICMP,400,Benign
172.31.221.157,80.44.235.223,2026-06-13 10:45:35,UDP,197,Benign
192.168.75.182,192.168.80.221,2026-06-13 10:46:21,UDP,74,Benign
172.29.119.182,172.22.161.10,2026-06-13 10:47:05,ICMP,16569,Botnet
172.23.227.124,67.123.25.19,2026-06-13 10:47:13,TCP,173,Benign
172.17.67.249,192.168.216.253,13/06/2026 10:48:10,ICMP,45882,Brute Force
210.87.51.74,192.168.16.126,2026-06-13 10:48:21,ICMP,227,Benign
192.168.152.96,184.5.162.11,2026-06-13 10:49:15,ICMP,331,Benign
10.241.229.156,95.46.32.168,2026-06-13 10:49:25,UDP,380,Benign
192.168.187.213,143.2.150.19,2026-06-13 10:50:01,ICMP,406,Benign
192.168.219.219,10.229.176.172,2026-06-13 10:50:16,TCP,13632,Brute Force
172.28.33.245,10.224.94.99,2026-06-13 10:51:14,TCP,24617,Brute Force
10.88.178.59,105.29.239.235,2026-06-13 10:52:04,ICMP,204,Benign
111.53.216.143,185.200.23.247,2026-06-13 10:52:49,TCP,191,Benign
192.168.104.170,206.234.123.136,2026-06-13 10:53:25,UDP,301,Benign
192.168.58.148,174.172.175.214,13/06/2026 10:54:05,UDP,46144,Brute Force
172.17.140.145,10.234.10.203,2026-06-13 10:54:15,TCP,332,Benign
192.168.152.96,107.139.94.137,2026-06-13 10:54:34,ICMP,11,Benign
192.168.87.159,10.195.220.216,2026-06-13 10:55:34,ICMP,89,Benign
192.168.63.187,192.168.253.194,2026-06-13 10:56:17,ICMP,496,Benign
10.201.232.105,203.119.210.233,2026-06-13 10:57:07,UDP,236,Benign
192.168.24.236,162.38.29.222,2026-06-13 10:57:28,ICMP,204,Benign
172.22.7.150,203.250.222.67,2026-06-13 10:58:10,UDP,37795,Brute Force
172.22.46.96,172.16.211.226,2026-06-13 10:58:56,UDP,33,Benign
147.140.217.145,181.159.232.191,2026-06-13 10:59:22,UDP,134,Benign
10.152.195.8,172.30.102.48,13/06/2026 11:00:08,TCP,40323,Botnet
10.20.47.50,206.62.179.145,2026-06-13 11:00:38,ICMP,255,Benign
192.168.125.129,10.126.15.240,2026-06-13 11:01:01,ICMP,47404,Brute Force
10.222.141.227,5.146.74.231,2026-06-13 11:01:42,TCP,352,Benign
10.51.181.4,178.114.97.58,2026-06-13 11:02:21,ICMP,184,Benign
10.13.113.36,208.152.158.141,2026-06-13 11:02:58,ICMP,12870,Brute Force
192.168.35.8,201.158.219.145,2026-06-13 11:03:21,ICMP,414,Benign
172.23.201.63,209.44.73.217,2026-06-13 11:04:01,UDP,336,Benign
172.17.135.156,223.27.121.188,2026-06-13 11:04:11,UDP,216,Benign
10.140.185.133,10.37.100.32,2026-06-13 11:05:06,UDP,436,Benign
192.168.10.0,172.26.211.231,13/06/2026 11:05:18,ICMP,62,Benign
10.152.195.8,192.168.212.107,2026-06-13 11:06:18,TCP,103,Benign
172.23.55.249,10.39.221.155,2026-06-13 11:06:44,TCP,32954,Port Scan
192.168.112.231,172.28.33.245,2026-06-13 11:07:10,TCP,232,Benign
172.22.206.193,195.118.153.40,2026-06-13 11:07:32,TCP,251,Benign
172.21.209.161,10.227.9.110,2026-06-13 11:08:27,ICMP,220,Benign
192.168.88.42,172.18.82.69,2026-06-13 11:08:57,ICMP,14068,DoS
172.17.129.250,146.159.186.240,2026-06-13 11:09:48,ICMP,98,Benign
172.30.220.181,192.168.54.197,2026-06-13 11:09:54,UDP,9449,Port Scan
172.28.50.107,10.75.210.242,2026-06-13 11:10:05,UDP,486,Benign
192.168.78.253,172.21.14.34,13/06/2026 11:10:28,UDP,462,Benign
172.25.176.180,172.29.75.56,2026-06-13 11:11:04,TCP,117,Benign
172.23.208.119,172.21.72.184,2026-06-13 11:11:23,ICMP,259,Benign
172.25.153.147,10.187.71.52,2026-06-13 11:11:38,ICMP,320,Benign
192.168.121.53,120.185.116.99,2026-06-13 11:11:46,ICMP,429,Benign
192.168.81.22,172.24.223.213,2026-06-13 11:11:52,TCP,36866,DoS
192.168.203.216,192.168.236.173,2026-06-13 11:12:13,UDP,216,Benign
172.31.165.233,128.173.136.186,2026-06-13 11:13:00,ICMP,71,Benign
172.22.84.136,213.78.151.33,2026-06-13 11:13:31,ICMP,61,Benign
10.147.196.196,172.20.102.239,2026-06-13 11:13:54,UDP,426,Benign
213.24.89.157,172.18.11.61,13/06/2026 11:14:32,UDP,83,Benign
10.75.113.72,41.91.83.68,2026-06-13 11:14:39,UDP,170,Benign
172.24.215.49,203.219.218.6,2026-06-13 11:14:59,ICMP,343,Benign
10.250.38.224,95.53.135.105,2026-06-13 11:15:35,TCP,371,Benign
172.28.209.144,87.164.211.120,2026-06-13 11:16:26,UDP,152,Benign
192.168.115.141,77.59.201.84,2026-06-13 11:16:47,TCP,437,Benign
10.245.53.29,192.168.81.22,2026-06-13 11:17:10,TCP,4007,DoS
192.168.136.238,172.31.84.56,2026-06-13 11:17:15,ICMP,18583,DoS
10.137.108.157,172.18.69.186,2026-06-13 11:18:06,UDP,493,Benign
10.165.78.148,197.113.235.224,2026-06-13 11:18:40,UDP,28639,Brute Force
10.190.203.145,192.168.155.149,13/06/2026 11:19:26,TCP,54,Benign
157.24.224.215,10.70.67.204,2026-06-13 11:19:57,TCP,313,Benign
10.229.176.172,84.189.148.199,2026-06-13 11:20:26,ICMP,499,Benign
10.83.104.153,192.168.80.138,2026-06-13 11:20:39,UDP,24,Benign
172.27.127.13,192.168.63.187,2026-06-13 11:20:48,ICMP,448,Benign
172.20.12.247,172.30.220.181,2026-06-13 11:21:14,UDP,23659,Port Scan
192.168.219.250,172.19.179.94,2026-06-13 11:22:01,TCP,330,Benign
192.168.31.57,49.128.242.123,2026-06-13 11:22:16,TCP,39,Benign
192.168.65.181,10.90.0.250,2026-06-13 11:23:09,TCP,260,Benign
172.21.99.88,10.37.234.38,2026-06-13 11:23:28,TCP,31087,Port Scan
10.72.134.178,192.168.243.147,13/06/2026 11:24:01,UDP,162,Benign
213.144.45.126,187.176.130.220,2026-06-13 11:24:13,TCP,53,Benign
192.168.140.208,200.79.180.160,2026-06-13 11:24:43,ICMP,494,Benign
192.168.127.101,215.33.253.158,2026-06-13 11:25:27,ICMP,344,Benign
219.10.129.59,172.19.179.94,2026-06-13 11:26:01,TCP,30783,Botnet
192.168.75.182,160.27.6.44,2026-06-13 11:26:27,UDP,47918,Port Scan
10.158.194.68,10.113.170.32,2026-06-13 11:27:00,ICMP,494,Benign
192.168.187.213,197.194.116.206,2026-06-13 11:27:56,TCP,11758,Port Scan
10.15.7.200,172.20.207.219,2026-06-13 11:28:32,TCP,62,Benign
172.28.2.216,81.248.200.112,2026-06-13 11:29:31,TCP,47975,Brute Force
172.26.60.232,172.28.51.11,13/06/2026 11:29:57,UDP,235,Benign
172.21.197.123,192.168.153.179,2026-06-13 11:30:44,TCP,272,Benign
192.168.43.7,74.18.36.144,2026-06-13 11:31:36,UDP,474,Benign
192.168.112.231,179.201.92.116,2026-06-13 11:32:13,TCP,375,Benign
10.80.227.55,218.145.51.134,2026-06-13 11:33:10,ICMP,452,Benign
192.168.32.108,172.17.234.206,2026-06-13 11:33:35,UDP,204,Benign
223.82.115.23,192.168.238.53,2026-06-13 11:34:01,TCP,212,Benign
10.11.56.55,10.144.237.34,2026-06-13 11:34:44,ICMP,378,Benign
192.168.19.83,192.168.103.129,2026-06-13 11:35:24,ICMP,177,Benign
10.130.211.115,138.81.219.213,2026-06-13 11:36:12,ICMP,327,Benign
192.168.214.43,193.11.126.12,13/06/2026 11:36:37,ICMP,38397,Port Scan
192.168.120.252,74.79.240.153,2026-06-13 11:37:24,UDP,414,Benign
10.169.45.236,10.133.189.255,2026-06-13 11:37:29,ICMP,29,Benign
172.19.116.108,34.130.26.98,2026-06-13 11:37:46,ICMP,129,Benign
10.35.86.122,172.31.146.207,2026-06-13 11:38:00,UDP,30661,Brute Force
172.28.204.250,213.82.171.33,2026-06-13 11:38:11,ICMP,200,Benign
192.168.68.99,168.207.151.248,2026-06-13 11:38:31,TCP,475,Benign
10.245.53.29,198.132.196.72,2026-06-13 11:39:00,TCP,1849,DoS
10.198.223.81,203.200.144.123,2026-06-13 11:39:52,ICMP,47178,Port Scan
10.72.105.76,94.43.163.87,2026-06-13 11:40:42,TCP,151,Benign
192.168.201.189,172.27.215.121,13/06/2026 11:41:15,ICMP,264,Benign
10.155.194.16,192.168.194.168,2026-06-13 11:41:27,TCP,83,Benign
172.28.28.244,192.168.106.16,2026-06-13 11:42:09,TCP,11073,Brute Force
192.168.8.2,172.19.31.186,2026-06-13 11:42:34,TCP,402,Benign
192.168.237.227,154.74.1.15,2026-06-13 11:43:24,ICMP,35,Benign
192.168.205.70,213.209.254.181,2026-06-13 11:44:19,UDP,7025,Port Scan
192.168.216.180,201.14.222.131,2026-06-13 11:44:46,UDP,185,Benign
192.168.214.213,53.238.83.126,2026-06-13 11:45:09,ICMP,5,Benign
172.17.54.255,10.140.132.216,2026-06-13 11:45:21,TCP,350,Benign
192.168.27.192,192.168.207.156,2026-06-13 11:45:46,TCP,467,Benign
10.52.111.237,178.51.246.7,13/06/2026 11:46:24,ICMP,229,Benign
10.175.215.19,192.168.61.250,2026-06-13 11:47:00,TCP,86,Benign
10.194.159.231,100.161.216.185,2026-06-13 11:47:54,TCP,344,Benign
192.168.222.182,90.221.235.231,2026-06-13 11:48:39,TCP,276,Benign
192.168.202.61,43.90.226.147,2026-06-13 11:49:37,TCP,49948,Botnet
172.28.3.192,170.39.249.51,2026-06-13 11:50:25,TCP,45,Benign
172.29.97.92,204.240.172.113,2026-06-13 11:50:34,ICMP,15918,Botnet
192.168.182.177,124.133.116.236,2026-06-13 11:50:55,UDP,162,Benign
172.23.204.164,204.2.117.64,2026-06-13 11:51:01,ICMP,48204,Brute Force
10.75.210.242,201.174.199.202,2026-06-13 11:51:45,TCP,24442,DoS
10.17.48.232,166.221.1.63,13/06/2026 11:52:22,UDP,392,Benign
10.248.165.244,192.168.237.227,2026-06-13 11:52:55,TCP,383,Benign
10.35.86.122,1.246.216.226,2026-06-13 11:53:25,TCP,20533,Brute Force
192.168.58.121,134.64.254.108,2026-06-13 11:54:13,TCP,284,Benign
172.28.51.11,192.168.4.86,2026-06-13 11:55:13,ICMP,281,Benign
172.31.221.157,10.11.56.55,2026-06-13 11:55:23,TCP,83,Benign
10.239.2.100,192.168.58.248,2026-06-13 11:55:39,ICMP,38178,DoS
172.19.61.129,158.137.123.96,2026-06-13 11:56:38,TCP,20048,DoS
172.17.183.42,192.168.83.184,2026-06-13 11:57:25,UDP,24405,DoS
172.31.183.233,172.22.216.179,2026-06-13 11:57:38,TCP,163,Benign
172.28.50.107,4.171.168.141,13/06/2026 11:58:14,TCP,38064,DoS
172.23.20.173,189.19.162.64,2026-06-13 11:58:55,TCP,3,Benign
172.22.98.14,128.116.142.157,2026-06-13 11:59:20,ICMP,224,Benign
172.25.146.171,204.14.187.193,2026-06-13 11:59:42,UDP,450,Benign
192.168.163.72,186.27.221.232,2026-06-13 12:00:17,UDP,283,Benign
192.168.124.86,137.231.228.106,2026-06-13 12:00:28,TCP,457,Benign
172.28.33.205,184.29.194.99,2026-06-13 12:01:07,TCP,435,Benign
10.200.13.245,166.198.232.121,2026-06-13 12:01:44,TCP,465,Benign
172.21.89.105,216.209.100.85,2026-06-13 12:01:51,TCP,188,Benign
192.168.103.129,172.25.211.164,2026-06-13 12:02:21,ICMP,47,Benign
172.17.202.62,214.132.168.147,13/06/2026 12:02:51,ICMP,351,Benign
172.27.172.241,172.28.42.168,2026-06-13 12:03:06,ICMP,486,Benign
172.27.227.28,191.112.96.57,2026-06-13 12:03:47,UDP,481,Benign
172.18.228.125,192.168.194.168,2026-06-13 12:04:14,UDP,120,Benign
10.94.112.118,10.171.231.90,2026-06-13 12:04:21,TCP,21,Benign
192.168.122.131,101.247.175.105,2026-06-13 12:05:07,UDP,297,Benign
10.179.133.226,172.216.39.188,2026-06-13 12:05:46,UDP,301,Benign
10.20.156.182,212.107.14.171,2026-06-13 12:06:32,UDP,499,Benign
10.184.20.63,215.90.73.89,2026-06-13 12:06:51,UDP,250,Benign
10.23.118.75,162.150.182.123,2026-06-13 12:07:46,TCP,29829,Brute Force
10.169.79.109,192.168.229.214,13/06/2026 12:08:01,TCP,186,Benign
172.23.204.164,89.162.202.54,2026-06-13 12:08:44,UDP,416,Benign
192.168.226.40,160.213.53.81,2026-06-13 12:09:10,UDP,108,Benign
172.17.198.40,192.168.141.169,2026-06-13 12:09:52,TCP,294,Benign
10.11.56.55,192.168.12.208,2026-06-13 12:10:34,TCP,86,Benign
112.21.171.161,31.23.232.223,2026-06-13 12:10:55,UDP,307,Benign
172.18.198.142,210.12.242.118,2026-06-13 12:11:36,TCP,230,Benign
133.31.94.255,220.76.102.15,2026-06-13 12:12:19,TCP,113,Benign
172.25.113.204,185.42.193.134,2026-06-13 12:13:17,TCP,320,Benign
10.216.139.45,199.29.107.203,2026-06-13 12:14:04,UDP,30718,DoS
192.168.15.241,10.195.220.216,13/06/2026 12:14:47,TCP,2085,DoS
172.21.197.123,60.24.30.58,2026-06-13 12:15:04,TCP,311,Benign
192.168.135.200,82.77.238.67,2026-06-13 12:15:15,ICMP,33986,Port Scan
172.27.247.18,78.211.178.125,2026-06-13 12:16:08,ICMP,277,Benign
172.20.121.47,209.39.105.174,2026-06-13 12:17:05,UDP,448,Benign
192.168.20.166,172.27.247.18,2026-06-13 12:17:12,UDP,180,Benign
172.18.23.75,172.31.15.12,2026-06-13 12:17:54,UDP,393,Benign
128.4.180.230,172.24.75.192,2026-06-13 12:18:13,UDP,13387,Brute Force
10.40.218.126,81.168.243.28,2026-06-13 12:18:18,TCP,267,Benign
172.29.101.171,153.74.6.92,2026-06-13 12:18:23,UDP,27794,Port Scan
10.103.201.243,176.125.225.238,13/06/2026 12:18:51,UDP,134,Benign
172.21.133.88,202.46.42.56,2026-06-13 12:19:50,ICMP,27047,Port Scan
10.81.100.214,192.168.14.210,2026-06-13 12:20:43,UDP,158,Benign
192.168.145.225,219.35.152.164,2026-06-13 12:21:24,ICMP,61,Benign
10.75.242.105,192.168.127.101,2026-06-13 12:22:16,UDP,403,Benign
172.24.238.151,172.17.99.242,2026-06-13 12:22:42,TCP,422,Benign
192.168.202.61,172.16.218.75,2026-06-13 12:22:56,TCP,190,Benign
192.168.32.108,175.27.36.223,2026-06-13 12:23:06,UDP,315,Benign
172.20.18.189,44.115.25.206,2026-06-13 12:23:52,TCP,42962,DoS
172.21.201.125,169.1.48.214,2026-06-13 12:24:28,ICMP,147,Benign
172.26.207.139,134.208.82.102,13/06/2026 12:24:45,TCP,315,Benign
172.21.66.99,192.168.140.208,2026-06-13 12:25:00,TCP,45,Benign
192.168.43.130,217.106.130.206,2026-06-13 12:25:22,UDP,301,Benign
172.26.191.67,175.7.224.198,2026-06-13 12:25:39,ICMP,146,Benign
10.143.131.128,192.168.147.17,2026-06-13 12:26:30,TCP,311,Benign
192.168.78.44,193.128.18.139,2026-06-13 12:26:47,UDP,90,Benign
172.23.14.167,220.17.10.170,2026-06-13 12:27:18,UDP,485,Benign
192.168.60.212,215.200.228.255,2026-06-13 12:27:30,ICMP,129,Benign
192.168.219.56,175.213.220.92,2026-06-13 12:28:19,TCP,388,Benign
208.224.14.147,10.84.122.131,2026-06-13 12:28:45,ICMP,442,Benign
10.173.156.150,172.20.80.182,13/06/2026 12:28:51,ICMP,360,Benign
192.168.22.140,132.82.207.30,2026-06-13 12:29:10,ICMP,275,Benign
172.23.72.8,172.19.220.105,2026-06-13 12:29:15,UDP,345,Benign
10.167.154.196,183.13.95.59,2026-06-13 12:30:07,TCP,244,Benign
192.168.152.96,192.168.46.59,2026-06-13 12:30:32,UDP,49307,Port Scan
10.28.95.18,202.161.167.116,2026-06-13 12:30:49,TCP,118,Benign
172.20.210.231,10.155.177.215,2026-06-13 12:31:06,TCP,6143,DoS
174.9.244.224,10.23.118.75,2026-06-13 12:31:54,ICMP,491,Benign
10.15.204.249,193.127.27.159,2026-06-13 12:32:01,UDP,460,Benign
172.25.198.83,192.168.175.122,2026-06-13 12:32:42,UDP,204,Benign
192.168.35.8,192.168.48.239,13/06/2026 12:33:01,UDP,36439,Port Scan
172.20.66.187,149.227.54.29,2026-06-13 12:33:08,TCP,235,Benign
192.168.247.41,172.24.139.21,2026-06-13 12:33:20,TCP,45178,DoS
192.168.156.90,10.170.132.79,2026-06-13 12:33:38,TCP,36950,Brute Force
192.168.75.126,43.108.79.122,2026-06-13 12:33:59,UDP,188,Benign
192.168.74.198,192.168.234.38,2026-06-13 12:34:15,UDP,438,Benign
172.17.90.138,141.252.252.202,2026-06-13 12:34:45,ICMP,352,Benign
172.31.165.233,214.21.218.37,2026-06-13 12:35:04,ICMP,222,Benign
192.168.134.58,183.131.251.254,2026-06-13 12:36:03,ICMP,10800,DoS
172.31.146.126,172.25.146.171,2026-06-13 12:36:38,ICMP,34882,Brute Force
172.31.47.199,192.168.208.16,13/06/2026 12:37:17,UDP,51,Benign
10.0.205.10,216.126.51.107,2026-06-13 12:38:06,UDP,430,Benign
192.168.203.28,192.168.89.81,2026-06-13 12:38:51,ICMP,37535,DoS
172.25.215.39,172.18.93.236,2026-06-13 12:39:47,ICMP,494,Benign
10.25.122.120,79.251.2.141,2026-06-13 12:40:30,UDP,24272,DoS
172.18.228.125,211.105.255.171,2026-06-13 12:40:55,UDP,456,Benign
192.168.157.21,192.168.202.5,2026-06-13 12:41:05,TCP,328,Benign
3.248.125.35,10.104.9.128,2026-06-13 12:42:01,TCP,41,Benign
10.144.237.34,192.168.167.255,2026-06-13 12:42:16,ICMP,137,Benign
172.20.175.238,209.90.56.49,2026-06-13 12:42:59,UDP,383,Benign
192.168.162.114,172.23.23.30,13/06/2026 12:43:41,TCP,65,Benign
172.29.97.92,148.47.202.101,2026-06-13 12:44:32,ICMP,384,Benign
172.20.121.125,10.2.214.197,2026-06-13 12:44:42,UDP,281,Benign
172.20.121.125,171.25.83.157,2026-06-13 12:44:50,TCP,7811,Brute Force
172.27.151.11,145.239.227.109,2026-06-13 12:45:11,UDP,159,Benign
192.168.71.254,172.24.123.17,2026-06-13 12:45:30,TCP,270,Benign
192.168.120.108,136.53.46.134,2026-06-13 12:46:28,UDP,443,Benign
172.31.84.158,59.21.80.60,2026-06-13 12:47:03,TCP,497,Benign
172.29.63.165,174.33.88.26,2026-06-13 12:47:52,ICMP,450,Benign
172.18.245.119,213.151.246.237,2026-06-13 12:48:33,UDP,277,Benign
172.23.114.201,192.168.22.140,13/06/2026 12:48:52,UDP,80,Benign
172.25.114.135,172.29.63.96,2026-06-13 12:49:16,ICMP,5,Benign
173.235.142.95,176.96.212.75,2026-06-13 12:50:05,UDP,154,Benign
10.212.178.135,211.57.83.131,2026-06-13 12:50:10,TCP,281,Benign
192.168.125.215,192.168.58.148,2026-06-13 12:50:38,ICMP,49307,Botnet
10.179.158.22,172.22.249.144,2026-06-13 12:51:24,UDP,321,Benign
10.40.118.139,172.23.227.124,2026-06-13 12:51:44,UDP,97,Benign
172.25.114.135,10.127.195.209,2026-06-13 12:52:43,ICMP,232,Benign
172.25.171.44,172.19.148.107,2026-06-13 12:53:05,TCP,26,Benign
10.88.254.22,192.168.7.219,2026-06-13 12:53:44,ICMP,225,Benign
10.250.38.224,192.168.144.187,13/06/2026 12:54:35,TCP,176,Benign
192.168.243.147,144.158.239.254,2026-06-13 12:55:06,UDP,46674,Botnet
192.168.58.164,47.45.73.181,2026-06-13 12:56:01,TCP,29,Benign
192.168.3.4,149.245.74.222,2026-06-13 12:56:23,TCP,99,Benign
192.168.72.202,155.33.225.81,2026-06-13 12:57:21,TCP,499,Benign
192.168.219.250,117.244.250.241,2026-06-13 12:58:15,UDP,127,Benign
164.121.92.209,10.141.145.91,2026-06-13 12:59:07,ICMP,341,Benign
10.97.74.201,136.100.149.132,2026-06-13 12:59:25,TCP,323,Benign
172.23.164.75,10.152.195.8,2026-06-13 13:00:16,TCP,185,Benign
172.27.109.80,200.102.68.64,2026-06-13 13:00:24,TCP,42478,Brute Force
10.168.199.91,215.139.183.72,13/06/2026 13:00:56,ICMP,62,Benign
192.168.87.159,220.48.50.91,2026-06-13 13:01:26,ICMP,402,Benign
192.168.106.16,10.97.210.37,2026-06-13 13:02:15,TCP,81,Benign
10.227.180.107,73.146.50.6,2026-06-13 13:02:51,ICMP,31,Benign
192.168.10.239,162.211.98.38,2026-06-13 13:02:59,TCP,65,Benign
172.31.182.84,148.52.224.11,2026-06-13 13:03:35,UDP,376,Benign
192.168.105.202,172.25.146.171,2026-06-13 13:03:52,UDP,461,Benign
172.31.84.56,131.13.171.83,2026-06-13 13:03:59,ICMP,46681,DoS
192.168.229.214,138.116.49.132,2026-06-13 13:04:35,UDP,375,Benign
192.168.31.36,192.168.106.16,2026-06-13 13:05:09,UDP,152,Benign
10.59.224.186,10.45.19.193,13/06/2026 13:06:06,UDP,49080,Brute Force
172.19.165.132,80.70.72.61,2026-06-13 13:06:22,TCP,165,Benign
10.80.227.55,172.17.33.85,2026-06-13 13:07:13,ICMP,79,Benign
172.18.11.61,161.138.115.217,2026-06-13 13:07:57,TCP,50,Benign
10.66.250.203,184.80.7.84,2026-06-13 13:08:35,TCP,92,Benign
172.31.205.43,10.155.144.84,2026-06-13 13:09:35,TCP,293,Benign
192.168.67.190,144.126.102.82,2026-06-13 13:10:21,ICMP,39685,Botnet
192.168.234.84,135.194.90.231,2026-06-13 13:10:42,TCP,7,Benign
192.168.188.223,10.171.157.203,2026-06-13 13:11:00,UDP,286,Benign
163.46.238.179,10.71.212.242,2026-06-13 13:11:52,ICMP,30,Benign
192.168.68.193,205.101.116.157,13/06/2026 13:12:49,UDP,40,Benign
159.51.24.247,172.17.9.76,2026-06-13 13:13:07,ICMP,198,Benign
172.30.220.181,210.130.80.127,2026-06-13 13:13:24,TCP,286,Benign
172.18.72.253,190.215.14.154,2026-06-13 13:14:16,ICMP,24459,Port Scan
172.29.2.38,199.85.204.117,2026-06-13 13:15:04,TCP,406,Benign
10.90.136.181,172.24.125.228,2026-06-13 13:15:20,ICMP,308,Benign
195.89.124.82,188.243.229.232,2026-06-13 13:15:53,ICMP,167,Benign
10.207.12.127,85.253.245.199,2026-06-13 13:16:52,UDP,312,Benign
10.234.10.203,192.168.25.224,2026-06-13 13:17:12,UDP,493,Benign
172.20.121.125,192.168.95.36,2026-06-13 13:17:45,UDP,306,Benign
192.168.24.236,10.158.194.68,13/06/2026 13:17:51,TCP,21637,DoS
192.168.243.142,108.169.101.71,2026-06-13 13:17:57,ICMP,285,Benign
220.167.145.238,172.18.82.69,2026-06-13 13:18:38,UDP,183,Benign
10.59.224.186,171.115.225.123,2026-06-13 13:18:52,TCP,16269,DoS
192.168.217.219,207.154.48.240,2026-06-13 13:19:13,ICMP,15249,Port Scan
10.49.80.13,129.122.125.1,2026-06-13 13:20:04,TCP,250,Benign
172.20.12.247,48.26.252.11,2026-06-13 13:21:01,UDP,20,Benign
192.168.72.202,172.26.144.255,2026-06-13 13:21:52,UDP,179,Benign
192.168.1.80,202.40.254.62,2026-06-13 13:22:49,TCP,49999,Botnet
10.161.29.117,70.151.180.101,2026-06-13 13:23:35,ICMP,26066,Port Scan
10.79.150.222,192.168.232.67,13/06/2026 13:23:43,UDP,258,Benign
10.113.226.213,94.72.173.16,2026-06-13 13:24:32,UDP,30203,DoS
10.90.136.181,10.113.207.192,2026-06-13 13:25:25,UDP,403,Benign
172.28.41.142,172.26.161.67,2026-06-13 13:25:55,ICMP,205,Benign
172.25.104.221,172.25.99.68,2026-06-13 13:26:16,TCP,247,Benign
10.77.128.232,220.180.83.153,2026-06-13 13:26:56,TCP,37776,DoS
194.85.63.205,106.124.0.248,2026-06-13 13:27:40,TCP,37,Benign
10.140.170.209,56.243.61.129,2026-06-13 13:28:02,ICMP,6871,DoS
10.201.232.105,192.168.236.232,2026-06-13 13:28:14,UDP,23578,DoS
172.21.154.176,172.18.54.140,2026-06-13 13:28:57,ICMP,421,Benign
192.168.134.58,192.168.60.75,13/06/2026 13:29:53,TCP,351,Benign
192.168.238.3,172.19.179.94,2026-06-13 13:30:21,TCP,486,Benign
146.47.237.128,180.51.108.13,2026-06-13 13:31:05,UDP,8,Benign
172.19.88.225,10.40.108.203,2026-06-13 13:31:31,TCP,170,Benign
10.240.47.51,172.22.94.174,2026-06-13 13:31:49,ICMP,248,Benign
192.168.102.206,193.14.160.229,2026-06-13 13:32:33,ICMP,2205,Port Scan
10.66.250.203,172.21.110.28,2026-06-13 13:33:02,UDP,103,Benign
172.20.175.238,172.24.139.21,2026-06-13 13:33:57,TCP,199,Benign
192.168.89.81,52.208.25.44,2026-06-13 13:34:44,TCP,150,Benign
172.17.140.145,192.168.67.240,2026-06-13 13:35:44,ICMP,364,Benign
145.111.60.238,172.21.209.161,13/06/2026 13:35:55,TCP,102,Benign
213.170.72.190,207.122.213.106,2026-06-13 13:36:32,ICMP,12,Benign
172.21.154.176,172.25.147.127,2026-06-13 13:36:39,ICMP,11289,Brute Force
192.168.205.54,192.168.224.191,2026-06-13 13:36:45,TCP,257,Benign
192.168.60.212,201.61.23.219,2026-06-13 13:37:07,TCP,37368,Botnet
192.168.124.72,142.137.69.191,2026-06-13 13:37:29,ICMP,9995,Brute Force
192.168.228.79,172.27.193.53,2026-06-13 13:37:39,UDP,497,Benign
117.218.63.156,172.21.195.6,2026-06-13 13:38:03,TCP,43760,Port Scan
192.168.84.193,147.109.189.29,2026-06-13 13:38:16,UDP,353,Benign
172.30.158.102,172.30.141.155,2026-06-13 13:39:06,ICMP,38017,DoS
172.23.204.164,192.168.134.58,13/06/2026 13:39:21,ICMP,16,Benign
10.214.183.146,72.185.37.138,2026-06-13 13:40:14,UDP,30032,Brute Force
128.136.68.121,197.232.132.69,2026-06-13 13:41:06,ICMP,18943,Brute Force
10.155.177.215,192.168.242.1,2026-06-13 13:41:20,ICMP,41432,DoS
10.187.143.103,155.140.64.141,2026-06-13 13:41:42,TCP,46047,DoS
172.31.137.233,172.29.63.96,2026-06-13 13:41:48,ICMP,333,Benign
10.80.227.55,192.168.25.28,2026-06-13 13:42:16,TCP,99,Benign
192.168.32.134,176.59.33.54,2026-06-13 13:42:35,UDP,114,Benign
172.27.168.87,221.44.240.176,2026-06-13 13:43:27,TCP,91,Benign
192.168.67.190,215.255.38.38,2026-06-13 13:44:00,UDP,455,Benign
172.26.248.224,56.241.57.219,13/06/2026 13:44:20,UDP,369,Benign
172.19.51.11,133.17.197.179,2026-06-13 13:44:45,UDP,30943,Botnet
192.168.14.134,184.179.30.121,2026-06-13 13:45:42,UDP,377,Benign
172.26.161.67,192.168.248.39,2026-06-13 13:45:49,UDP,20959,DoS
172.19.61.129,10.37.100.32,2026-06-13 13:46:43,ICMP,471,Benign
192.168.84.63,172.25.108.175,2026-06-13 13:46:51,TCP,48359,Brute Force
172.28.79.104,10.140.170.209,2026-06-13 13:47:28,UDP,2632,Port Scan
172.21.201.125,184.154.48.164,2026-06-13 13:47:44,TCP,129,Benign
192.168.110.23,132.97.182.164,2026-06-13 13:48:09,TCP,47,Benign
10.32.8.91,192.168.234.185,2026-06-13 13:48:21,ICMP,34532,DoS
71.16.20.17,192.168.67.240,13/06/2026 13:49:05,TCP,394,Benign
222.125.17.182,191.190.110.111,2026-06-13 13:49:20,ICMP,442,Benign
192.168.202.5,10.204.3.187,2026-06-13 13:49:34,UDP,158,Benign
10.112.7.185,172.28.241.8,2026-06-13 13:49:58,TCP,461,Benign
97.55.154.14,172.18.225.174,2026-06-13 13:50:11,TCP,235,Benign
172.28.28.244,12.45.82.245,2026-06-13 13:50:47,UDP,122,Benign
10.51.181.4,172.23.114.201,2026-06-13 13:51:05,TCP,308,Benign
10.90.0.250,14.65.197.68,2026-06-13 13:51:48,ICMP,420,Benign
192.168.178.225,192.168.13.199,2026-06-13 13:52:45,TCP,10527,Port Scan
10.152.195.8,192.168.172.60,2026-06-13 13:53:44,TCP,56,Benign
156.15.4.161,172.16.55.243,13/06/2026 13:54:15,ICMP,44314,Port Scan
192.168.104.170,210.226.228.202,2026-06-13 13:55:04,ICMP,297,Benign
77.230.104.221,192.168.217.39,2026-06-13 13:55:32,UDP,189,Benign
192.168.106.79,159.229.183.77,2026-06-13 13:56:01,TCP,150,Benign
10.211.156.60,10.214.183.146,2026-06-13 13:56:36,ICMP,108,Benign
192.168.154.22,192.168.172.60,2026-06-13 13:57:25,UDP,371,Benign
10.151.15.43,10.213.204.203,2026-06-13 13:58:14,UDP,270,Benign
130.7.251.32,192.168.51.117,2026-06-13 13:58:55,ICMP,289,Benign
192.168.97.60,172.17.90.138,2026-06-13 13:59:31,ICMP,120,Benign
10.224.251.228,10.117.209.153,2026-06-13 14:00:21,UDP,321,Benign
192.168.145.243,137.89.128.197,13/06/2026 14:01:16,UDP,212,Benign
192.168.40.144,172.20.49.141,2026-06-13 14:01:23,ICMP,145,Benign
192.168.237.17,172.29.199.65,2026-06-13 14:01:44,TCP,8460,DoS
10.51.112.41,110.71.92.14,2026-06-13 14:02:32,ICMP,492,Benign
192.168.186.80,172.19.104.221,2026-06-13 14:02:38,ICMP,246,Benign
172.28.52.34,10.84.122.131,2026-06-13 14:03:13,ICMP,22961,Botnet
10.214.183.146,43.159.101.74,2026-06-13 14:03:47,TCP,428,Benign
172.27.220.208,6.0.41.169,2026-06-13 14:04:25,TCP,107,Benign
10.181.195.183,172.23.131.123,2026-06-13 14:05:06,UDP,3042,Botnet
161.243.141.245,222.44.188.109,2026-06-13 14:05:32,TCP,293,Benign
10.58.23.147,34.37.8.93,13/06/2026 14:06:15,UDP,362,Benign
10.30.5.117,10.44.95.20,2026-06-13 14:07:14,UDP,450,Benign
192.168.224.191,192.168.224.191,2026-06-13 14:07:34,TCP,58,Benign
172.21.201.125,120.192.110.66,2026-06-13 14:08:02,UDP,260,Benign
192.168.93.187,10.47.166.30,2026-06-13 14:08:08,UDP,376,Benign
192.168.47.223,172.17.183.42,2026-06-13 14:09:08,ICMP,347,Benign
192.168.161.251,192.168.81.22,2026-06-13 14:09:21,TCP,160,Benign
172.30.222.228,10.186.179.154,2026-06-13 14:09:28,TCP,35116,Botnet
10.97.74.201,10.97.74.201,2026-06-13 14:10:22,ICMP,14752,DoS
192.168.157.21,10.180.80.111,2026-06-13 14:10:47,UDP,344,Benign
10.121.210.43,172.30.250.67,13/06/2026 14:10:59,ICMP,287,Benign
172.20.116.39,200.213.115.42,2026-06-13 14:11:36,UDP,73,Benign
192.168.78.242,10.111.28.202,2026-06-13 14:12:26,ICMP,457,Benign
10.113.226.213,10.40.108.203,2026-06-13 14:12:52,ICMP,26,Benign
192.168.165.5,172.28.42.168,2026-06-13 14:13:03,ICMP,306,Benign
10.112.7.185,147.249.153.141,2026-06-13 14:13:45,UDP,22779,Brute Force
10.102.18.154,130.179.44.143,2026-06-13 14:14:42,UDP,291,Benign
192.168.43.225,192.168.26.99,2026-06-13 14:14:55,ICMP,330,Benign
192.168.243.28,192.168.63.187,2026-06-13 14:15:45,TCP,441,Benign
10.95.185.51,10.143.141.13,2026-06-13 14:16:29,UDP,233,Benign
172.19.52.223,10.243.79.204,13/06/2026 14:17:05,UDP,12193,DoS
172.28.41.9,196.125.18.170,2026-06-13 14:17:28,UDP,419,Benign
172.30.176.28,147.31.192.238,2026-06-13 14:18:18,TCP,20799,DoS
172.21.186.12,10.140.132.216,2026-06-13 14:18:57,ICMP,82,Benign
192.168.197.61,172.23.254.202,2026-06-13 14:19:32,UDP,291,Benign
192.168.163.161,10.20.156.182,2026-06-13 14:20:27,ICMP,477,Benign
172.31.47.199,172.31.181.217,2026-06-13 14:21:17,UDP,285,Benign
192.168.220.29,192.168.122.46,2026-06-13 14:21:28,TCP,307,Benign
192.168.136.225,10.115.4.25,2026-06-13 14:21:39,TCP,15261,DoS
192.168.140.208,102.53.86.109,2026-06-13 14:22:36,ICMP,77,Benign
172.23.126.27,211.157.28.37,13/06/2026 14:23:09,UDP,101,Benign
10.213.204.203,172.23.18.200,2026-06-13 14:23:27,UDP,368,Benign
52.196.212.56,81.171.159.129,2026-06-13 14:23:54,ICMP,262,Benign
10.37.100.32,10.133.189.255,2026-06-13 14:24:24,TCP,361,Benign
172.19.174.199,10.172.153.247,2026-06-13 14:25:04,TCP,16416,Botnet
192.168.4.86,215.199.99.72,2026-06-13 14:25:36,ICMP,26086,DoS
10.241.229.156,15.205.90.182,2026-06-13 14:26:06,UDP,10114,Port Scan
192.168.89.81,206.248.159.220,2026-06-13 14:26:23,TCP,148,Benign
172.25.146.171,172.16.94.13,2026-06-13 14:27:23,TCP,370,Benign
172.28.52.34,192.168.205.70,2026-06-13 14:27:59,UDP,458,Benign
192.168.231.207,95.254.173.36,13/06/2026 14:28:54,UDP,261,Benign
10.223.173.54,192.168.42.76,2026-06-13 14:29:26,TCP,28837,DoS
192.168.243.147,53.168.181.39,2026-06-13 14:30:09,TCP,365,Benign
10.59.224.186,172.18.82.69,2026-06-13 14:30:46,ICMP,248,Benign
192.168.226.40,219.96.102.155,2026-06-13 14:31:36,TCP,73,Benign
10.54.240.29,10.102.18.154,2026-06-13 14:32:27,ICMP,456,Benign
10.216.196.152,211.111.192.160,2026-06-13 14:33:11,ICMP,492,Benign
10.97.74.201,125.68.87.95,2026-06-13 14:33:58,UDP,274,Benign
172.18.125.100,195.99.167.66,2026-06-13 14:34:52,UDP,294,Benign
10.184.20.63,176.174.236.33,2026-06-13 14:35:43,UDP,149,Benign
192.168.164.46,212.79.185.217,13/06/2026 14:35:58,ICMP,134,Benign
192.168.55.104,171.240.243.10,2026-06-13 14:36:06,ICMP,20120,DoS
10.181.102.125,192.168.61.250,2026-06-13 14:37:02,TCP,34134,Brute Force
10.90.0.250,10.169.79.109,2026-06-13 14:37:11,UDP,17839,Port Scan
10.25.122.120,217.110.77.79,2026-06-13 14:37:16,ICMP,10904,DoS
192.168.139.220,192.168.163.161,2026-06-13 14:38:03,UDP,93,Benign
10.29.241.133,172.27.151.11,2026-06-13 14:38:59,TCP,305,Benign
10.206.229.253,202.97.42.76,2026-06-13 14:39:56,UDP,395,Benign
192.168.198.217,219.32.17.172,2026-06-13 14:40:25,TCP,108,Benign
172.28.169.130,192.168.194.168,2026-06-13 14:41:06,TCP,4442,DoS
172.27.0.249,192.168.60.75,13/06/2026 14:41:21,UDP,350,Benign
172.29.84.76,10.25.237.47,2026-06-13 14:42:11,TCP,19926,Brute Force
172.27.220.208,184.207.117.60,2026-06-13 14:43:07,ICMP,490,Benign
10.181.195.183,196.164.49.16,2026-06-13 14:43:14,UDP,313,Benign
172.24.191.24,172.17.183.42,2026-06-13 14:44:00,UDP,336,Benign
10.28.95.18,60.194.181.247,2026-06-13 14:44:42,ICMP,13774,Brute Force
172.17.90.138,172.17.202.62,2026-06-13 14:45:20,ICMP,5,Benign
192.168.80.138,10.144.192.118,2026-06-13 14:46:18,ICMP,229,Benign
172.18.198.142,10.80.155.5,2026-06-13 14:46:45,TCP,318,Benign
192.168.10.105,165.223.177.146,2026-06-13 14:46:55,ICMP,63,Benign
152.66.63.243,10.14.210.44,13/06/2026 14:47:45,UDP,337,Benign
192.168.178.225,208.153.90.97,2026-06-13 14:48:38,ICMP,95,Benign
10.167.154.196,192.25.233.8,2026-06-13 14:48:59,UDP,394,Benign
10.140.170.209,10.65.88.110,2026-06-13 14:49:31,UDP,398,Benign
172.26.157.135,188.102.83.50,2026-06-13 14:49:39,UDP,490,Benign
10.112.35.106,10.51.200.184,2026-06-13 14:50:36,ICMP,202,Benign
10.10.159.37,172.20.121.47,2026-06-13 14:50:52,TCP,315,Benign
172.23.114.201,63.215.216.106,2026-06-13 14:51:38,TCP,18,Benign
10.136.242.12,217.15.100.186,2026-06-13 14:51:47,TCP,460,Benign
10.52.122.63,148.156.10.202,2026-06-13 14:52:23,ICMP,200,Benign
10.243.116.198,68.68.123.138,13/06/2026 14:52:45,ICMP,1242,Port Scan
10.4.85.91,192.168.78.44,2026-06-13 14:53:22,ICMP,400,Benign
192.168.42.76,172.27.247.18,2026-06-13 14:54:18,TCP,291,Benign
20.39.28.92,192.168.28.230,2026-06-13 14:54:57,UDP,29,Benign
22.119.110.112,124.101.31.169,2026-06-13 14:55:42,UDP,274,Benign
56.222.205.146,192.168.47.171,2026-06-13 14:56:41,UDP,43453,DoS
172.23.209.45,216.48.166.1,2026-06-13 14:56:58,ICMP,98,Benign
10.155.177.215,102.72.147.47,2026-06-13 14:57:22,UDP,250,Benign
172.31.84.56,2.213.191.112,2026-06-13 14:57:32,TCP,19,Benign
172.27.206.30,192.168.204.159,2026-06-13 14:57:49,ICMP,330,Benign
10.165.44.63,210.143.1.147,13/06/2026 14:58:13,TCP,19,Benign
172.17.160.37,10.240.47.51,2026-06-13 14:58:39,ICMP,44733,DoS
172.23.131.123,160.248.160.194,2026-06-13 14:59:17,TCP,474,Benign
192.168.102.206,172.19.148.107,2026-06-13 14:59:26,UDP,465,Benign
172.25.99.68,10.55.88.79,2026-06-13 15:00:10,UDP,421,Benign
192.168.136.238,189.79.125.22,2026-06-13 15:01:05,TCP,7968,Port Scan
172.20.80.182,172.27.168.87,2026-06-13 15:01:17,UDP,173,Benign
192.168.241.40,192.168.25.28,2026-06-13 15:02:13,UDP,14974,DoS
172.27.215.121,192.168.250.178,2026-06-13 15:03:06,UDP,73,Benign
172.31.129.234,160.238.204.1,2026-06-13 15:03:59,UDP,125,Benign
192.168.115.141,209.77.7.215,13/06/2026 15:04:41,ICMP,314,Benign
172.16.94.13,217.185.150.11,2026-06-13 15:05:10,TCP,4,Benign
172.24.215.49,12.198.230.117,2026-06-13 15:05:15,ICMP,455,Benign
10.51.181.4,56.169.67.187,2026-06-13 15:05:38,TCP,10377,DoS
192.168.162.114,10.25.122.120,2026-06-13 15:06:23,ICMP,355,Benign
10.132.110.3,79.235.187.192,2026-06-13 15:06:30,TCP,322,Benign
10.143.131.128,10.227.229.157,2026-06-13 15:07:27,TCP,61,Benign
200.183.49.2,203.14.164.152,2026-06-13 15:08:05,ICMP,34262,Port Scan
172.23.26.239,10.224.251.228,2026-06-13 15:08:24,TCP,10779,DoS
172.16.101.72,192.168.154.111,2026-06-13 15:09:12,ICMP,473,Benign
172.19.165.132,10.25.237.47,13/06/2026 15:09:19,UDP,22908,Botnet
192.168.53.77,192.168.169.140,2026-06-13 15:10:03,ICMP,91,Benign
172.24.196.108,219.116.111.150,2026-06-13 15:10:18,TCP,459,Benign
172.30.176.28,172.30.176.28,2026-06-13 15:10:38,TCP,399,Benign
172.18.23.75,192.168.22.140,2026-06-13 15:10:50,TCP,25610,DoS
10.233.179.163,10.218.115.180,2026-06-13 15:11:09,TCP,111,Benign
10.80.227.55,172.23.55.249,2026-06-13 15:11:53,ICMP,100,Benign
172.31.165.233,172.28.41.9,2026-06-13 15:12:38,TCP,355,Benign
172.25.114.135,10.203.128.215,2026-06-13 15:13:19,UDP,28408,Port Scan
192.168.237.227,221.170.153.43,2026-06-13 15:13:34,ICMP,81,Benign
10.13.113.36,75.139.157.233,13/06/2026 15:14:29,ICMP,438,Benign
10.105.216.164,218.204.231.201,2026-06-13 15:14:48,TCP,303,Benign
172.25.67.80,172.19.214.84,2026-06-13 15:15:23,ICMP,447,Benign
10.169.192.232,222.45.39.218,2026-06-13 15:15:43,ICMP,485,Benign
171.76.114.32,155.142.193.65,2026-06-13 15:15:57,UDP,3898,Port Scan
215.179.255.203,207.0.33.17,2026-06-13 15:16:04,ICMP,18,Benign
172.16.165.191,197.4.47.240,2026-06-13 15:16:36,ICMP,421,Benign
172.30.102.48,172.24.104.97,2026-06-13 15:16:47,ICMP,375,Benign
175.202.61.98,172.29.21.112,2026-06-13 15:17:18,TCP,43443,Brute Force
172.21.154.176,172.28.3.192,2026-06-13 15:17:28,ICMP,383,Benign
10.171.231.90,10.180.99.105,13/06/2026 15:18:10,ICMP,208,Benign
10.253.108.176,130.55.234.190,2026-06-13 15:18:26,ICMP,42510,DoS
10.215.29.13,172.26.157.135,2026-06-13 15:18:31,ICMP,3143,Brute Force
172.31.165.233,180.82.159.65,2026-06-13 15:18:54,ICMP,36549,DoS
10.55.88.184,142.51.100.72,2026-06-13 15:19:35,UDP,49218,Brute Force
172.19.165.132,16.177.199.19,2026-06-13 15:19:43,TCP,197,Benign
192.168.68.193,10.217.24.118,2026-06-13 15:20:11,ICMP,37620,DoS
10.225.149.251,192.168.203.28,2026-06-13 15:21:01,TCP,277,Benign
172.27.255.72,193.79.54.198,2026-06-13 15:21:13,TCP,22001,DoS
10.234.70.205,86.195.16.92,2026-06-13 15:21:40,UDP,28,Benign
10.200.127.251,172.29.37.17,13/06/2026 15:21:49,UDP,47519,DoS
192.168.228.22,192.168.196.117,2026-06-13 15:22:28,ICMP,485,Benign
10.162.116.224,172.23.55.249,2026-06-13 15:23:17,TCP,42,Benign
10.191.75.193,87.126.73.62,2026-06-13 15:23:47,TCP,56,Benign
192.168.209.12,192.168.240.34,2026-06-13 15:24:02,ICMP,42109,Botnet
10.195.220.216,10.192.167.24,2026-06-13 15:24:08,UDP,49346,Port Scan
10.231.97.65,172.20.103.255,2026-06-13 15:24:54,ICMP,331,Benign
10.222.141.227,216.51.38.69,2026-06-13 15:25:20,UDP,249,Benign
10.252.5.36,10.195.220.216,2026-06-13 15:26:02,UDP,88,Benign
10.102.197.168,10.191.75.193,2026-06-13 15:26:57,TCP,76,Benign
10.47.187.219,153.150.75.96,13/06/2026 15:27:24,TCP,47649,DoS
192.168.139.220,196.79.13.237,2026-06-13 15:28:03,ICMP,464,Benign
192.168.37.160,10.79.150.222,2026-06-13 15:28:50,UDP,295,Benign
172.31.129.234,192.168.120.108,2026-06-13 15:29:03,ICMP,21771,DoS
10.186.210.215,223.112.233.105,2026-06-13 15:29:30,TCP,274,Benign
10.169.45.236,10.92.189.214,2026-06-13 15:29:54,TCP,486,Benign
124.97.167.29,10.191.7.37,2026-06-13 15:30:28,UDP,332,Benign
10.41.234.231,200.38.68.189,2026-06-13 15:31:18,ICMP,342,Benign
10.123.120.97,10.165.132.36,2026-06-13 15:31:32,ICMP,246,Benign
10.58.23.147,172.29.119.182,2026-06-13 15:31:39,ICMP,431,Benign
192.168.232.81,192.168.171.87,13/06/2026 15:31:58,ICMP,270,Benign
10.90.0.250,192.168.215.17,2026-06-13 15:32:17,ICMP,30193,Brute Force
172.30.222.228,195.134.180.6,2026-06-13 15:33:05,UDP,100,Benign
172.22.7.150,26.179.81.234,2026-06-13 15:33:41,ICMP,24662,DoS
192.168.106.79,192.168.253.153,2026-06-13 15:34:11,TCP,146,Benign
172.17.54.255,171.188.186.74,2026-06-13 15:34:38,TCP,111,Benign
192.168.205.70,169.30.219.190,2026-06-13 15:35:29,UDP,84,Benign
192.168.222.182,32.187.87.69,2026-06-13 15:36:25,UDP,72,Benign
192.168.165.5,192.168.119.228,2026-06-13 15:37:23,UDP,445,Benign
195.135.170.169,10.178.120.174,2026-06-13 15:38:01,TCP,1433,Botnet
192.168.70.72,192.168.135.208,13/06/2026 15:38:32,ICMP,291,Benign
104.168.174.185,192.168.72.202,2026-06-13 15:39:25,UDP,284,Benign
192.168.24.236,180.201.92.9,2026-06-13 15:40:01,UDP,33381,DoS
172.28.204.250,10.214.203.77,2026-06-13 15:40:41,TCP,135,Benign
183.16.197.63,89.36.253.123,2026-06-13 15:41:05,UDP,64,Benign
192.168.68.99,172.25.171.44,2026-06-13 15:41:51,ICMP,331,Benign
172.18.220.220,192.168.81.125,2026-06-13 15:42:11,ICMP,382,Benign
172.21.253.36,161.112.250.211,2026-06-13 15:42:39,ICMP,352,Benign
118.79.37.2,69.72.107.77,2026-06-13 15:43:14,UDP,263,Benign
10.170.132.79,192.168.154.22,2026-06-13 15:44:05,TCP,21950,DoS
172.28.79.104,10.133.189.255,13/06/2026 15:44:39,UDP,185,Benign
172.20.210.231,192.168.105.42,2026-06-13 15:45:10,ICMP,328,Benign
192.168.40.68,177.147.244.220,2026-06-13 15:45:19,ICMP,11953,DoS
172.23.20.173,210.184.247.144,2026-06-13 15:45:58,ICMP,410,Benign
192.168.2.71,192.168.205.54,2026-06-13 15:46:22,TCP,7,Benign
192.168.253.153,180.44.8.141,2026-06-13 15:46:35,UDP,175,Benign
172.20.7.145,124.202.220.246,2026-06-13 15:46:50,TCP,37612,Port Scan
192.168.255.58,172.28.33.205,2026-06-13 15:47:34,TCP,420,Benign
140.140.228.20,10.170.122.76,2026-06-13 15:47:47,ICMP,186,Benign
192.168.194.239,172.23.18.200,2026-06-13 15:48:00,TCP,382,Benign
192.168.147.35,205.248.79.189,13/06/2026 15:48:57,TCP,353,Benign
172.27.255.72,10.102.18.154,2026-06-13 15:49:16,UDP,46273,Brute Force
10.20.156.182,10.102.197.168,2026-06-13 15:50:09,UDP,3786,Botnet
10.164.253.217,172.18.225.174,2026-06-13 15:50:26,TCP,34,Benign
10.251.84.115,91.134.50.108,2026-06-13 15:50:50,ICMP,106,Benign
178.221.245.155,172.18.93.236,2026-06-13 15:51:32,TCP,47,Benign
192.168.19.24,59.27.74.10,2026-06-13 15:51:46,UDP,24081,Brute Force
10.28.95.18,148.134.250.48,2026-06-13 15:52:01,TCP,51,Benign
172.17.129.250,176.198.77.102,2026-06-13 15:52:58,ICMP,99,Benign
10.172.86.30,150.97.192.226,2026-06-13 15:53:21,TCP,474,Benign
193.226.105.92,209.111.163.10,13/06/2026 15:53:39,UDP,188,Benign
192.168.248.39,87.236.174.14,2026-06-13 15:54:28,TCP,93,Benign
192.168.48.193,192.168.227.71,2026-06-13 15:55:26,UDP,58,Benign
37.125.251.216,172.29.242.197,2026-06-13 15:56:19,ICMP,70,Benign
10.191.75.193,47.142.26.120,2026-06-13 15:56:55,TCP,6390,DoS
192.168.219.250,10.170.122.76,2026-06-13 15:57:20,ICMP,500,Benign
192.168.89.238,172.19.214.84,2026-06-13 15:58:18,TCP,439,Benign
10.51.181.4,197.38.150.235,2026-06-13 15:58:27,UDP,92,Benign
96.227.229.183,10.76.72.86,2026-06-13 15:58:32,UDP,225,Benign
192.168.138.72,192.168.179.206,2026-06-13 15:59:10,UDP,356,Benign
129.116.180.129,141.143.93.124,13/06/2026 15:59:52,TCP,34,Benign
48.141.218.74,192.168.78.44,2026-06-13 16:00:20,TCP,120,Benign
10.92.189.214,192.168.70.72,2026-06-13 16:01:18,ICMP,483,Benign
10.104.9.128,212.133.235.5,2026-06-13 16:01:48,ICMP,143,Benign
172.16.211.226,192.168.10.68,2026-06-13 16:02:02,UDP,119,Benign
202.9.106.56,10.133.189.255,2026-06-13 16:02:47,TCP,33645,DoS
172.28.42.168,192.168.41.70,2026-06-13 16:03:35,TCP,156,Benign
172.28.33.205,177.100.52.97,2026-06-13 16:04:19,ICMP,33256,DoS
172.28.171.156,146.45.71.34,2026-06-13 16:05:14,UDP,259,Benign
10.54.123.122,24.174.86.112,2026-06-13 16:05:35,TCP,221,Benign
172.31.233.178,120.17.17.130,13/06/2026 16:05:47,UDP,236,Benign
192.168.28.230,116.87.73.140,2026-06-13 16:05:54,TCP,252,Benign
172.27.136.175,10.226.107.228,2026-06-13 16:06:26,ICMP,45238,DoS
172.29.101.111,10.128.85.191,2026-06-13 16:07:02,ICMP,29,Benign
192.168.105.202,192.43.134.234,2026-06-13 16:07:32,UDP,19640,DoS
10.76.80.215,192.168.68.148,2026-06-13 16:07:57,UDP,415,Benign
172.18.181.219,172.19.214.84,2026-06-13 16:08:49,UDP,183,Benign
192.168.47.213,10.97.74.201,2026-06-13 16:09:20,ICMP,44,Benign
172.21.154.176,192.168.142.160,2026-06-13 16:10:09,TCP,276,Benign
192.168.190.183,88.188.203.235,2026-06-13 16:10:34,UDP,137,Benign
192.168.216.165,8.101.254.131,13/06/2026 16:10:40,UDP,293,Benign
172.18.23.75,133.162.33.112,2026-06-13 16:11:09,TCP,354,Benign
172.24.77.56,93.79.165.152,2026-06-13 16:11:57,ICMP,174,Benign
10.95.185.51,196.22.1.18,2026-06-13 16:12:12,TCP,255,Benign
172.30.198.59,83.131.238.184,2026-06-13 16:12:57,ICMP,15029,Botnet
10.68.23.61,138.12.95.195,2026-06-13 16:13:20,UDP,15803,Port Scan
192.168.217.219,98.208.183.206,2026-06-13 16:14:04,ICMP,49,Benign
172.23.233.99,183.142.253.73,2026-06-13 16:14:46,ICMP,244,Benign
172.18.158.249,209.251.251.195,2026-06-13 16:15:18,UDP,259,Benign
10.104.181.242,192.168.241.40,2026-06-13 16:16:14,UDP,41957,DoS
10.39.221.155,220.99.179.145,13/06/2026 16:16:51,ICMP,361,Benign
10.92.189.214,172.24.109.199,2026-06-13 16:17:29,UDP,480,Benign
10.227.9.110,14.61.214.69,2026-06-13 16:18:14,ICMP,42075,DoS
192.168.160.118,172.30.102.48,2026-06-13 16:18:22,TCP,383,Benign
192.168.202.61,10.112.11.242,2026-06-13 16:19:10,ICMP,105,Benign
172.25.243.136,89.36.102.10,2026-06-13 16:20:09,UDP,352,Benign
172.27.206.30,172.17.250.222,2026-06-13 16:20:52,TCP,126,Benign
172.31.94.217,172.21.253.36,2026-06-13 16:21:48,UDP,332,Benign
10.138.209.232,172.22.94.174,2026-06-13 16:21:55,UDP,338,Benign
192.168.135.40,220.59.10.108,2026-06-13 16:22:35,UDP,401,Benign
192.168.215.17,10.114.4.115,13/06/2026 16:22:41,TCP,462,Benign
10.250.38.224,172.27.172.241,2026-06-13 16:23:12,TCP,8335,DoS
192.168.250.178,199.116.113.112,2026-06-13 16:23:53,ICMP,487,Benign
137.198.164.103,10.250.38.224,2026-06-13 16:24:47,TCP,308,Benign
10.104.181.242,172.23.126.27,2026-06-13 16:24:59,ICMP,381,Benign
173.168.152.2,10.155.177.215,2026-06-13 16:25:19,TCP,15031,Port Scan
192.168.25.224,182.157.193.108,2026-06-13 16:25:41,TCP,252,Benign
172.16.9.109,10.201.232.105,2026-06-13 16:26:20,UDP,350,Benign
214.121.83.77,106.41.254.133,2026-06-13 16:26:40,TCP,24789,Brute Force
10.213.64.132,192.168.120.108,2026-06-13 16:27:15,ICMP,44399,DoS
172.82.148.90,196.161.215.80,13/06/2026 16:28:11,ICMP,123,Benign
10.40.123.235,135.147.168.76,2026-06-13 16:28:32,ICMP,24780,DoS
172.25.74.165,106.84.15.191,2026-06-13 16:29:28,UDP,5,Benign
218.50.176.0,175.54.160.226,2026-06-13 16:29:58,UDP,47,Benign
172.28.147.239,192.168.31.36,2026-06-13 16:30:55,UDP,324,Benign
10.222.116.162,184.194.240.44,2026-06-13 16:31:20,UDP,444,Benign
192.168.216.253,10.241.139.32,2026-06-13 16:31:30,UDP,368,Benign
192.168.226.172,19.106.171.237,2026-06-13 16:32:02,ICMP,134,Benign
192.168.53.56,81.20.70.232,2026-06-13 16:32:39,ICMP,378,Benign
172.17.187.197,205.216.232.12,2026-06-13 16:33:04,ICMP,329,Benign
172.28.52.34,172.20.102.239,13/06/2026 16:33:20,ICMP,21024,DoS
172.31.10.83,10.14.210.44,2026-06-13 16:33:45,ICMP,352,Benign
10.250.4.152,192.168.238.53,2026-06-13 16:34:16,UDP,89,Benign
192.168.47.223,208.213.175.36,2026-06-13 16:35:04,TCP,44,Benign
172.25.147.127,158.128.166.155,2026-06-13 16:35:35,ICMP,15711,DoS
126.240.1.196,200.188.100.84,2026-06-13 16:35:41,ICMP,314,Benign
172.24.215.49,136.205.2.46,2026-06-13 16:36:26,TCP,18156,Port Scan
172.23.240.252,192.168.20.166,2026-06-13 16:37:15,ICMP,134,Benign
192.168.196.117,10.78.213.77,2026-06-13 16:37:29,TCP,368,Benign
172.18.125.100,66.16.12.141,2026-06-13 16:38:07,UDP,61,Benign
192.168.236.232,160.61.127.150,13/06/2026 16:38:26,UDP,148,Benign
10.14.210.44,172.19.72.106,2026-06-13 16:39:18,ICMP,111,Benign
10.231.97.65,172.24.75.192,2026-06-13 16:40:15,TCP,2885,Brute Force
174.227.229.64,192.168.182.177,2026-06-13 16:40:38,TCP,190,Benign
172.17.17.183,172.29.63.96,2026-06-13 16:41:20,TCP,447,Benign
200.207.179.154,192.168.40.144,2026-06-13 16:41:45,ICMP,26132,DoS
172.28.209.144,192.168.155.149,2026-06-13 16:42:35,TCP,171,Benign
192.168.204.154,92.29.63.172,2026-06-13 16:42:55,ICMP,40205,DoS
10.75.210.242,10.90.136.181,2026-06-13 16:43:45,ICMP,196,Benign
218.101.139.128,171.181.209.40,2026-06-13 16:44:09,TCP,496,Benign
192.168.181.85,10.234.70.205,13/06/2026 16:44:49,UDP,477,Benign
10.195.220.216,192.168.43.7,2026-06-13 16:45:15,TCP,134,Benign
192.168.249.212,10.169.79.109,2026-06-13 16:45:27,ICMP,24631,Brute Force
172.23.72.8,166.22.3.57,2026-06-13 16:45:59,UDP,265,Benign
172.19.10.241,192.168.216.253,2026-06-13 16:46:24,TCP,285,Benign
209.59.125.118,222.158.237.161,2026-06-13 16:47:23,UDP,28,Benign
192.168.15.241,192.168.243.28,2026-06-13 16:47:40,UDP,84,Benign
192.168.81.22,23.220.243.166,2026-06-13 16:48:30,UDP,3673,Brute Force
172.24.196.108,10.165.132.36,2026-06-13 16:49:03,ICMP,444,Benign
10.94.203.245,192.168.71.254,2026-06-13 16:49:17,TCP,428,Benign
10.138.209.232,204.80.99.39,13/06/2026 16:49:32,ICMP,39382,Port Scan
10.172.86.30,209.147.212.12,2026-06-13 16:49:50,ICMP,93,Benign
110.94.95.19,192.168.243.147,2026-06-13 16:50:21,ICMP,7180,Port Scan
172.28.18.26,10.147.196.196,2026-06-13 16:50:47,UDP,79,Benign
172.31.187.88,192.168.152.96,2026-06-13 16:50:53,ICMP,337,Benign
10.66.250.203,164.147.27.45,2026-06-13 16:50:58,UDP,167,Benign
146.215.197.210,196.145.167.67,2026-06-13 16:51:49,ICMP,67,Benign
192.168.207.156,172.22.78.28,2026-06-13 16:52:07,ICMP,5634,Botnet
167.58.39.199,192.168.154.113,2026-06-13 16:52:47,UDP,92,Benign
39.62.52.15,20.84.110.170,2026-06-13 16:53:07,TCP,11,Benign
192.168.154.142,156.219.80.95,13/06/2026 16:54:06,UDP,332,Benign
76.236.116.55,10.152.195.8,2026-06-13 16:54:59,UDP,411,Benign
192.168.26.99,148.189.164.32,2026-06-13 16:55:31,ICMP,68,Benign
172.28.110.74,200.167.238.12,2026-06-13 16:55:58,UDP,30192,Botnet
192.168.48.239,192.168.190.183,2026-06-13 16:56:27,UDP,315,Benign
10.103.201.243,192.168.124.72,2026-06-13 16:56:43,UDP,347,Benign
192.168.106.16,203.151.88.79,2026-06-13 16:57:02,ICMP,323,Benign
192.168.103.129,172.22.249.144,2026-06-13 16:57:48,UDP,154,Benign
55.58.118.239,56.148.227.55,2026-06-13 16:58:02,UDP,431,Benign
172.29.21.112,194.163.188.189,2026-06-13 16:58:22,ICMP,40,Benign
172.26.207.139,192.168.144.229,13/06/2026 16:58:29,UDP,44309,Brute Force
172.18.225.174,192.168.124.86,2026-06-13 16:59:20,ICMP,9,Benign
172.19.17.190,192.168.185.68,2026-06-13 16:59:32,UDP,24,Benign
172.28.147.239,10.171.231.90,2026-06-13 16:59:42,ICMP,231,Benign
192.168.124.72,177.103.173.185,2026-06-13 17:00:26,TCP,14832,Brute Force
10.170.132.79,5.51.98.63,2026-06-13 17:00:42,TCP,223,Benign
192.168.179.206,172.21.206.19,2026-06-13 17:01:21,ICMP,245,Benign
172.31.47.199,10.218.77.22,2026-06-13 17:01:55,ICMP,345,Benign
192.168.224.191,172.30.158.102,2026-06-13 17:02:44,TCP,98,Benign
172.25.176.180,21.185.70.203,2026-06-13 17:02:56,TCP,247,Benign
10.28.95.18,192.168.236.232,13/06/2026 17:03:42,TCP,155,Benign
172.26.111.161,192.168.208.228,2026-06-13 17:04:36,TCP,463,Benign
10.252.5.36,217.219.165.69,2026-06-13 17:04:50,UDP,11,Benign
10.155.182.54,10.61.190.119,2026-06-13 17:05:50,TCP,22879,Port Scan
10.113.207.192,190.71.191.89,2026-06-13 17:05:55,UDP,49305,DoS
192.168.103.129,172.17.191.7,2026-06-13 17:06:37,UDP,263,Benign
10.83.104.153,10.171.157.203,2026-06-13 17:07:19,ICMP,10,Benign
10.2.214.197,10.155.154.0,2026-06-13 17:07:51,UDP,60,Benign
172.28.190.96,172.21.253.36,2026-06-13 17:08:27,TCP,83,Benign
192.168.31.57,172.20.103.255,2026-06-13 17:08:50,ICMP,113,Benign
179.195.0.141,192.168.43.225,13/06/2026 17:09:32,TCP,453,Benign
192.168.48.187,12.7.60.65,2026-06-13 17:09:55,ICMP,335,Benign
10.216.196.152,194.12.128.49,2026-06-13 17:10:47,TCP,41753,DoS
192.168.165.5,159.233.193.33,2026-06-13 17:11:05,TCP,89,Benign
172.25.171.44,192.168.205.70,2026-06-13 17:11:22,UDP,156,Benign
10.181.21.93,195.249.79.92,2026-06-13 17:11:42,UDP,18092,DoS
10.25.122.120,94.114.16.178,2026-06-13 17:12:09,ICMP,17,Benign
10.207.12.127,172.18.143.236,2026-06-13 17:13:05,TCP,288,Benign
10.47.166.30,133.20.248.95,2026-06-13 17:13:24,TCP,395,Benign
10.208.244.144,205.245.44.45,2026-06-13 17:14:04,ICMP,310,Benign
10.113.226.213,214.164.247.157,13/06/2026 17:14:51,UDP,30958,DoS
172.18.72.253,67.134.42.229,2026-06-13 17:15:49,ICMP,401,Benign
212.166.232.60,51.25.170.147,2026-06-13 17:16:48,TCP,260,Benign
192.168.139.254,168.25.26.163,2026-06-13 17:16:59,UDP,11291,Brute Force
172.23.114.201,114.218.26.253,2026-06-13 17:17:50,UDP,49008,Brute Force
10.95.185.51,192.168.146.136,2026-06-13 17:18:50,TCP,14231,Brute Force
43.90.214.84,187.134.170.86,2026-06-13 17:19:23,TCP,126,Benign
192.168.124.72,10.158.51.61,2026-06-13 17:20:21,TCP,137,Benign
10.61.34.30,192.168.172.220,2026-06-13 17:20:49,TCP,35711,Botnet
192.168.146.136,83.39.164.14,2026-06-13 17:21:20,UDP,27824,DoS
152.64.138.213,36.39.190.208,13/06/2026 17:21:54,ICMP,186,Benign
172.23.7.22,135.207.58.135,2026-06-13 17:22:00,ICMP,484,Benign
172.31.233.178,172.29.61.245,2026-06-13 17:22:09,UDP,32,Benign
10.208.244.144,192.3.81.28,2026-06-13 17:22:39,TCP,42393,Brute Force
172.29.21.112,172.23.18.200,2026-06-13 17:23:29,ICMP,381,Benign
214.183.13.161,10.54.240.29,2026-06-13 17:23:54,ICMP,313,Benign
10.112.7.185,209.220.165.236,2026-06-13 17:24:08,ICMP,320,Benign
10.123.120.97,37.156.97.142,2026-06-13 17:25:03,ICMP,208,Benign
10.17.48.232,192.168.203.28,2026-06-13 17:25:57,UDP,48520,DoS
172.24.123.17,185.48.163.111,2026-06-13 17:26:48,ICMP,146,Benign
10.97.74.201,186.32.172.159,13/06/2026 17:27:06,ICMP,11487,DoS
172.22.94.174,192.168.164.46,2026-06-13 17:27:12,ICMP,28705,Port Scan
172.22.214.164,187.82.196.62,2026-06-13 17:27:49,UDP,322,Benign
192.168.208.16,63.196.247.153,2026-06-13 17:28:26,TCP,230,Benign
172.17.99.242,192.168.163.161,2026-06-13 17:28:50,ICMP,298,Benign
192.168.60.75,172.16.55.243,2026-06-13 17:29:31,ICMP,47848,DoS
192.168.105.202,203.255.107.246,2026-06-13 17:30:12,TCP,54,Benign
10.175.215.19,163.185.58.83,2026-06-13 17:30:37,UDP,233,Benign
192.168.231.207,214.49.155.47,2026-06-13 17:30:48,TCP,7045,DoS
10.14.210.44,10.112.7.185,2026-06-13 17:30:56,TCP,190,Benign
192.168.179.206,93.192.175.174,13/06/2026 17:31:44,ICMP,33691,Brute Force
192.168.198.217,194.212.78.136,2026-06-13 17:32:29,UDP,375,Benign
192.168.203.121,198.30.159.233,2026-06-13 17:33:00,UDP,365,Benign
192.168.139.254,97.178.222.59,2026-06-13 17:33:34,UDP,243,Benign
172.17.183.46,50.6.44.1,2026-06-13 17:33:41,TCP,40426,DoS
192.168.250.178,10.41.234.231,2026-06-13 17:34:40,TCP,268,Benign
172.21.154.176,164.236.162.233,2026-06-13 17:34:54,UDP,20266,Brute Force
172.25.113.204,10.72.229.45,2026-06-13 17:35:30,TCP,20999,Brute Force
10.105.216.164,192.168.13.199,2026-06-13 17:35:53,TCP,446,Benign
172.18.245.119,186.93.149.132,2026-06-13 17:36:00,UDP,25727,Botnet
192.168.73.70,85.84.129.196,13/06/2026 17:36:35,ICMP,326,Benign
172.28.168.184,172.28.179.96,2026-06-13 17:37:09,TCP,410,Benign
10.15.7.200,10.77.128.232,2026-06-13 17:37:53,UDP,277,Benign
129.221.15.37,85.160.193.224,2026-06-13 17:38:00,ICMP,19178,Brute Force
10.242.211.61,223.47.27.144,2026-06-13 17:38:46,ICMP,323,Benign
192.168.124.87,62.208.210.156,2026-06-13 17:39:41,TCP,330,Benign
10.133.189.255,53.114.111.195,2026-06-13 17:40:21,ICMP,97,Benign
172.16.4.175,172.17.90.138,2026-06-13 17:41:14,TCP,141,Benign
192.168.14.113,10.38.14.162,2026-06-13 17:42:09,UDP,302,Benign
172.27.243.15,10.39.221.155,2026-06-13 17:42:16,UDP,2576,Brute Force
192.168.212.21,172.22.131.140,13/06/2026 17:43:16,TCP,36506,DoS
172.23.201.63,10.97.210.37,2026-06-13 17:43:31,TCP,158,Benign
192.168.155.149,166.159.141.62,2026-06-13 17:44:02,UDP,12892,Port Scan
10.114.4.115,192.168.30.18,2026-06-13 17:44:08,TCP,212,Benign
192.168.250.178,172.31.81.57,2026-06-13 17:44:33,ICMP,39406,Botnet
10.90.136.181,192.168.147.120,2026-06-13 17:44:53,UDP,32,Benign
172.17.194.203,10.229.176.172,2026-06-13 17:45:18,UDP,325,Benign
217.148.57.87,192.168.50.206,2026-06-13 17:45:37,TCP,391,Benign
10.79.8.111,172.17.194.203,2026-06-13 17:46:17,UDP,6499,Brute Force
192.168.227.110,203.208.196.203,2026-06-13 17:47:16,TCP,192,Benign
205.170.133.131,201.106.20.243,13/06/2026 17:47:55,ICMP,488,Benign
14.62.97.211,99.0.126.60,2026-06-13 17:48:27,TCP,1,Benign
192.168.111.211,205.83.231.207,2026-06-13 17:49:24,TCP,1,Benign
205.127.192.131,10.136.242.12,2026-06-13 17:49:32,ICMP,195,Benign
172.20.200.221,217.221.112.255,2026-06-13 17:49:59,ICMP,145,Benign
172.30.232.218,10.77.128.232,2026-06-13 17:50:06,ICMP,9059,Brute Force
10.54.240.29,192.8.129.140,2026-06-13 17:51:04,TCP,313,Benign
159.207.189.102,10.137.108.157,2026-06-13 17:51:41,ICMP,134,Benign
192.168.70.72,10.118.126.112,2026-06-13 17:52:34,UDP,108,Benign
101.154.242.38,192.168.238.53,2026-06-13 17:53:08,ICMP,1134,Brute Force
192.168.236.173,43.51.104.171,13/06/2026 17:53:51,UDP,37424,DoS
10.52.113.85,101.19.37.113,2026-06-13 17:54:40,ICMP,334,Benign
10.252.5.36,7.140.217.110,2026-06-13 17:54:49,UDP,498,Benign
172.19.31.186,172.24.139.21,2026-06-13 17:55:46,TCP,237,Benign
223.113.250.19,172.22.98.14,2026-06-13 17:56:14,ICMP,11,Benign
172.22.158.168,192.168.28.230,2026-06-13 17:57:07,ICMP,15493,DoS
218.226.58.191,185.238.117.99,2026-06-13 17:57:26,TCP,144,Benign
134.73.192.233,200.135.231.1,2026-06-13 17:58:02,TCP,4,Benign
61.102.74.194,179.180.237.173,2026-06-13 17:58:19,TCP,446,Benign
192.168.32.175,10.224.251.228,2026-06-13 17:58:41,ICMP,49418,DoS
192.168.139.220,192.168.35.8,13/06/2026 17:59:22,ICMP,34,Benign
192.168.227.71,104.180.88.194,2026-06-13 17:59:35,ICMP,401,Benign
172.27.243.15,192.66.201.83,2026-06-13 17:59:57,ICMP,348,Benign
172.18.125.100,172.29.2.38,2026-06-13 18:00:36,ICMP,45112,DoS
172.29.41.175,172.17.194.203,2026-06-13 18:01:22,UDP,63,Benign
10.123.8.223,10.66.250.203,2026-06-13 18:02:10,ICMP,115,Benign
10.192.167.24,130.243.244.63,2026-06-13 18:02:18,UDP,3,Benign
192.168.124.86,51.255.175.127,2026-06-13 18:02:48,TCP,378,Benign
51.250.38.54,192.168.201.189,2026-06-13 18:03:07,TCP,101,Benign
172.22.56.208,197.72.148.221,2026-06-13 18:03:22,TCP,15,Benign
10.117.209.153,81.180.160.66,13/06/2026 18:03:57,ICMP,479,Benign
192.168.148.79,172.27.206.30,2026-06-13 18:04:23,UDP,427,Benign
172.25.74.165,222.29.158.131,2026-06-13 18:04:31,ICMP,318,Benign
192.168.169.217,212.199.60.66,2026-06-13 18:05:04,TCP,4977,DoS
10.62.34.182,104.62.125.210,2026-06-13 18:05:11,TCP,471,Benign
10.17.48.232,204.209.170.35,2026-06-13 18:06:07,UDP,5311,Botnet
172.24.238.151,192.168.72.202,2026-06-13 18:06:18,UDP,50,Benign
10.95.65.176,52.98.14.137,2026-06-13 18:07:02,ICMP,320,Benign
172.31.94.217,146.33.14.214,2026-06-13 18:07:07,ICMP,318,Benign
192.168.242.1,192.168.87.191,2026-06-13 18:07:18,ICMP,99,Benign
192.168.248.29,210.71.159.34,13/06/2026 18:07:29,TCP,464,Benign
192.168.159.202,192.168.214.242,2026-06-13 18:08:10,UDP,372,Benign
10.115.112.215,172.30.35.132,2026-06-13 18:08:54,TCP,66,Benign
172.22.158.168,192.168.134.58,2026-06-13 18:09:18,TCP,31770,Brute Force
192.168.167.255,172.27.172.180,2026-06-13 18:09:42,ICMP,301,Benign
172.20.18.189,172.19.179.94,2026-06-13 18:10:29,UDP,23532,DoS
186.214.242.243,212.41.144.246,2026-06-13 18:10:46,TCP,403,Benign
10.51.181.4,120.103.85.123,2026-06-13 18:10:55,UDP,308,Benign
172.27.98.206,113.96.190.237,2026-06-13 18:11:44,UDP,169,Benign
192.168.135.40,10.174.53.80,2026-06-13 18:11:59,ICMP,115,Benign
192.168.216.180,172.22.161.10,13/06/2026 18:12:48,ICMP,193,Benign
10.23.118.75,10.65.88.110,2026-06-13 18:13:06,UDP,16,Benign
192.168.103.129,192.168.89.81,2026-06-13 18:13:46,TCP,500,Benign
192.168.71.254,192.168.8.132,2026-06-13 18:13:52,ICMP,90,Benign
192.168.14.134,172.21.72.184,2026-06-13 18:14:18,TCP,432,Benign
156.136.148.211,192.168.25.28,2026-06-13 18:14:39,UDP,43917,Port Scan
10.227.180.107,218.162.118.233,2026-06-13 18:15:34,UDP,30897,Brute Force
192.168.234.38,37.6.228.38,2026-06-13 18:15:54,ICMP,41842,DoS
10.62.34.182,172.25.99.68,2026-06-13 18:16:26,TCP,13562,DoS
10.225.250.204,172.23.241.104,2026-06-13 18:17:05,ICMP,126,Benign
10.231.97.65,178.249.43.85,13/06/2026 18:17:12,UDP,405,Benign
192.168.135.235,222.148.37.65,2026-06-13 18:17:26,UDP,9287,Brute Force
10.105.216.164,10.192.40.59,2026-06-13 18:18:25,UDP,405,Benign
10.168.199.91,190.228.135.84,2026-06-13 18:19:12,ICMP,385,Benign
172.31.94.217,192.168.187.213,2026-06-13 18:19:49,ICMP,356,Benign
192.168.152.251,10.162.8.180,2026-06-13 18:20:24,ICMP,472,Benign
192.168.161.251,172.27.168.87,2026-06-13 18:21:19,UDP,442,Benign
172.28.50.107,192.168.219.56,2026-06-13 18:21:39,ICMP,11302,Brute Force
172.29.239.130,172.27.151.11,2026-06-13 18:22:37,UDP,228,Benign
10.79.150.222,172.28.41.142,2026-06-13 18:23:15,UDP,231,Benign
172.28.110.74,142.82.165.255,13/06/2026 18:23:49,UDP,18892,Botnet
172.23.114.201,10.167.154.196,2026-06-13 18:24:18,UDP,462,Benign
172.25.104.221,24.65.247.221,2026-06-13 18:24:28,ICMP,41,Benign
192.168.227.71,192.168.3.4,2026-06-13 18:25:23,UDP,20,Benign
10.72.105.76,149.36.23.222,2026-06-13 18:26:02,UDP,155,Benign
10.211.156.60,192.168.146.136,2026-06-13 18:26:54,ICMP,49484,Brute Force
129.239.216.251,172.23.235.158,2026-06-13 18:27:33,UDP,422,Benign
192.168.78.44,122.207.192.52,2026-06-13 18:28:00,ICMP,43946,Brute Force
10.11.56.55,138.238.105.152,2026-06-13 18:28:05,TCP,444,Benign
172.27.255.72,192.168.43.225,2026-06-13 18:28:35,ICMP,31238,Brute Force
10.104.181.242,162.9.206.74,13/06/2026 18:29:01,UDP,46740,DoS
10.223.173.54,211.108.100.11,2026-06-13 18:29:32,TCP,25556,DoS
192.168.35.8,192.168.236.173,2026-06-13 18:29:45,UDP,415,Benign
172.29.14.178,192.168.231.207,2026-06-13 18:30:32,ICMP,27435,Port Scan
172.23.235.158,172.27.243.15,2026-06-13 18:31:25,ICMP,403,Benign
178.69.2.97,10.143.141.13,2026-06-13 18:31:32,ICMP,323,Benign
10.67.241.58,188.211.125.18,2026-06-13 18:32:28,TCP,26600,DoS
172.25.176.180,172.26.153.196,2026-06-13 18:32:37,ICMP,493,Benign
172.23.18.200,172.23.120.53,2026-06-13 18:33:10,ICMP,37235,Brute Force
192.168.109.187,192.168.185.65,2026-06-13 18:33:26,TCP,467,Benign
10.95.65.176,172.30.232.218,13/06/2026 18:33:55,UDP,30,Benign
172.21.206.19,172.17.198.40,2026-06-13 18:34:23,UDP,81,Benign
172.22.64.230,172.26.191.67,2026-06-13 18:34:35,UDP,490,Benign
10.70.220.44,192.168.214.213,2026-06-13 18:35:35,TCP,310,Benign
215.204.81.48,223.111.156.249,2026-06-13 18:36:16,ICMP,367,Benign
172.21.201.125,172.25.113.204,2026-06-13 18:37:04,UDP,33,Benign
10.213.74.220,141.83.198.19,2026-06-13 18:38:01,ICMP,451,Benign
172.23.209.45,207.123.154.185,2026-06-13 18:38:37,UDP,331,Benign
172.28.147.239,10.217.24.118,2026-06-13 18:39:11,UDP,128,Benign
10.113.207.192,192.168.40.68,2026-06-13 18:39:27,ICMP,292,Benign
10.66.250.203,172.24.125.228,13/06/2026 18:39:38,UDP,452,Benign
192.168.81.125,194.241.210.112,2026-06-13 18:40:23,ICMP,462,Benign
36.252.56.207,10.247.251.152,2026-06-13 18:40:41,UDP,6015,Brute Force
172.30.176.28,172.19.10.241,2026-06-13 18:41:34,UDP,14590,Brute Force
172.22.23.214,10.209.141.33,2026-06-13 18:42:11,UDP,176,Benign
172.26.211.231,172.17.202.62,2026-06-13 18:43:03,UDP,59,Benign
197.242.79.55,172.31.94.217,2026-06-13 18:43:53,UDP,31235,Brute Force
10.155.182.54,61.160.74.181,2026-06-13 18:44:02,UDP,72,Benign
192.168.37.160,10.54.123.122,2026-06-13 18:44:37,ICMP,52,Benign
10.67.241.58,10.205.101.120,2026-06-13 18:44:53,ICMP,140,Benign
10.130.211.115,192.168.95.36,13/06/2026 18:45:07,ICMP,35884,DoS
192.168.208.16,190.63.54.28,2026-06-13 18:45:25,ICMP,329,Benign
10.209.41.55,10.213.64.132,2026-06-13 18:46:12,UDP,27,Benign
192.168.219.56,110.126.33.137,2026-06-13 18:46:55,TCP,25552,Botnet
172.16.94.13,10.81.233.41,2026-06-13 18:47:15,UDP,13592,Brute Force
172.20.80.182,56.64.19.255,2026-06-13 18:48:03,TCP,409,Benign
10.216.139.45,131.239.83.32,2026-06-13 18:49:01,TCP,213,Benign
192.168.41.70,10.146.251.194,2026-06-13 18:49:38,ICMP,14573,DoS
172.19.214.84,172.19.230.46,2026-06-13 18:50:17,TCP,183,Benign
192.168.241.40,72.228.3.7,2026-06-13 18:50:42,TCP,200,Benign
